{"stats":{"minecraft:mined":{"minecraft:tuff":46,"minecraft:spruce_planks":5,"minecraft:deepslate_diamond_ore":29,"minecraft:obsidian":1,"minecraft:grass_block":39,"minecraft:spruce_fence":16,"minecraft:brown_mushroom_block":18,"minecraft:spruce_leaves":30,"minecraft:large_fern":1,"minecraft:furnace":1,"minecraft:iron_ore":9,"minecraft:azure_bluet":7,"minecraft:deepslate_iron_ore":27,"minecraft:vine":1,"minecraft:oak_stairs":2,"minecraft:stone":118,"minecraft:dandelion":1,"minecraft:powder_snow":5,"minecraft:crafting_table":3,"minecraft:torch":7,"minecraft:short_grass":22,"minecraft:mushroom_stem":10,"minecraft:tall_grass":3,"minecraft:cobblestone":9,"minecraft:deepslate_gold_ore":8,"minecraft:oak_planks":6,"minecraft:spruce_stairs":6,"minecraft:spruce_log":61,"minecraft:birch_leaves":3,"minecraft:coal_ore":22,"minecraft:gravel":5,"minecraft:dirt":13,"minecraft:red_mushroom_block":25,"minecraft:oak_leaves":1,"minecraft:deepslate":582},"minecraft:picked_up":{"minecraft:crafting_table":6,"minecraft:iron_chestplate":1,"minecraft:azure_bluet":9,"minecraft:lead":2,"minecraft:brown_mushroom":10,"minecraft:diamond_sword":15,"minecraft:oak_stairs":20,"minecraft:shield":13,"minecraft:string":23,"minecraft:iron_leggings":4,"minecraft:diamond_leggings":10,"minecraft:cobbled_deepslate":1052,"minecraft:netherite_sword":1,"minecraft:spruce_planks":124,"minecraft:poppy":1,"minecraft:melon_slice":103,"minecraft:furnace":4,"minecraft:tipped_arrow":8,"minecraft:stick":36,"minecraft:raw_iron":39,"minecraft:copper_ingot":1,"minecraft:torch":62,"minecraft:spruce_stairs":6,"minecraft:spruce_fence":19,"minecraft:porkchop":5,"minecraft:diamond_chestplate":13,"minecraft:arrow":37,"minecraft:rotten_flesh":79,"minecraft:diamond_boots":13,"minecraft:glistering_melon_slice":8,"minecraft:mutton":45,"minecraft:snowball":519,"minecraft:cobblestone":1238,"minecraft:cooked_beef":7,"minecraft:red_mushroom":12,"minecraft:flint":5,"minecraft:tuff":97,"minecraft:oak_log":22,"minecraft:dirt":61,"minecraft:cooked_mutton":109,"minecraft:bone":25,"minecraft:apple":1,"minecraft:bow":3,"minecraft:wheat_seeds":13,"minecraft:raw_gold":8,"minecraft:rabbit_hide":4,"minecraft:iron_ingot":93,"minecraft:diamond_helmet":12,"minecraft:oak_planks":179,"minecraft:cooked_porkchop":6,"minecraft:dandelion":1,"minecraft:gravel":6,"minecraft:spruce_sapling":7,"minecraft:spruce_log":61,"minecraft:spider_eye":21,"minecraft:diamond":226,"minecraft:iron_helmet":1,"minecraft:diamond_axe":19,"minecraft:emerald":1,"minecraft:coal":95,"minecraft:diamond_pickaxe":9},"minecraft:killed":{"minecraft:spider":6,"minecraft:skeleton":10,"minecraft:drowned":4,"minecraft:magma_cube":3,"minecraft:pig":2,"minecraft:zombie_villager":1,"minecraft:trader_llama":1,"minecraft:goat":1,"minecraft:zombie":30,"minecraft:enderman":1},"minecraft:dropped":{"minecraft:iron_ingot":2,"minecraft:wheat_seeds":9,"minecraft:diamond_axe":6,"minecraft:diamond":88,"minecraft:crafting_table":1,"minecraft:cooked_porkchop":2,"minecraft:diamond_leggings":2,"minecraft:cobblestone":472,"minecraft:copper_ingot":1,"minecraft:coal":9,"minecraft:emerald":1,"minecraft:stick":6,"minecraft:flint":5,"minecraft:dirt":49,"minecraft:melon_slice":8,"minecraft:cooked_salmon":43,"minecraft:snowball":27,"minecraft:diamond_helmet":2,"minecraft:oak_stairs":37,"minecraft:glistering_melon_slice":16,"minecraft:string":12,"minecraft:spruce_sapling":6,"minecraft:dandelion":1,"minecraft:bone":9,"minecraft:gravel":6,"minecraft:cobbled_deepslate":986,"minecraft:tuff":90,"minecraft:rotten_flesh":7,"minecraft:cooked_mutton":20,"minecraft:azure_bluet":9,"minecraft:spruce_fence":5,"minecraft:diamond_sword":6,"minecraft:poppy":1,"minecraft:rabbit_hide":4,"minecraft:tipped_arrow":6,"minecraft:shield":1,"minecraft:diamond_chestplate":2,"minecraft:spider_eye":20,"minecraft:diamond_boots":1,"minecraft:arrow":11},"minecraft:used":{"minecraft:netherite_sword":10,"minecraft:spruce_planks":138,"minecraft:shield":55,"minecraft:cooked_salmon":3,"minecraft:rotten_flesh":33,"minecraft:iron_chestplate":1,"minecraft:torch":69,"minecraft:dirt":12,"minecraft:spruce_stairs":26,"minecraft:diamond_helmet":7,"minecraft:spruce_fence":77,"minecraft:snowball":176,"minecraft:oak_stairs":23,"minecraft:iron_helmet":1,"minecraft:diamond_chestplate":7,"minecraft:furnace":1,"minecraft:cooked_beef":7,"minecraft:potato":1,"minecraft:cobbled_deepslate":58,"minecraft:iron_leggings":1,"minecraft:cooked_mutton":53,"minecraft:water_bucket":6,"minecraft:diamond_boots":7,"minecraft:oak_planks":6,"minecraft:diamond_axe":488,"minecraft:crafting_table":4,"minecraft:diamond_pickaxe":890,"minecraft:apple":4,"minecraft:melon_slice":45,"minecraft:spruce_sapling":1,"minecraft:diamond_sword":356,"minecraft:cobblestone":167,"minecraft:porkchop":3,"minecraft:cooked_porkchop":4,"minecraft:cooked_rabbit":1,"minecraft:bucket":7,"minecraft:diamond_leggings":6},"minecraft:crafted":{"minecraft:oak_planks":88,"minecraft:furnace":1,"minecraft:spruce_fence":63,"minecraft:cooked_mutton":45,"minecraft:spruce_stairs":20,"minecraft:diamond_helmet":1,"minecraft:diamond_boots":1,"minecraft:diamond_sword":2,"minecraft:diamond_axe":1,"minecraft:crafting_table":3,"minecraft:spruce_planks":244,"minecraft:iron_helmet":1,"minecraft:bucket":1,"minecraft:iron_chestplate":1,"minecraft:diamond_pickaxe":2,"minecraft:shield":1,"minecraft:stick":68,"minecraft:iron_ingot":42,"minecraft:oak_stairs":40,"minecraft:iron_leggings":1,"minecraft:torch":44,"minecraft:diamond_chestplate":1},"minecraft:killed_by":{"minecraft:player":9,"minecraft:spider":1,"minecraft:skeleton":1,"minecraft:zombie":1},"minecraft:custom":{"minecraft:interact_with_smithing_table":4,"minecraft:mob_kills":62,"minecraft:interact_with_anvil":2,"minecraft:interact_with_crafting_table":24,"minecraft:leave_game":3,"minecraft:time_since_death":2002,"minecraft:sprint_one_cm":933939,"minecraft:walk_one_cm":469264,"minecraft:damage_blocked_by_shield":1901,"minecraft:drop":1595,"minecraft:play_time":292688,"minecraft:deaths":16,"minecraft:sneak_time":2486,"minecraft:walk_under_water_one_cm":18781,"minecraft:jump":5229,"minecraft:walk_on_water_one_cm":44897,"minecraft:total_world_time":292688,"minecraft:interact_with_furnace":21,"minecraft:sleep_in_bed":6,"minecraft:time_since_rest":2056,"minecraft:damage_taken":10233,"minecraft:damage_dealt":14905,"minecraft:swim_one_cm":69755,"minecraft:fly_one_cm":857383,"minecraft:player_kills":11,"minecraft:open_chest":24,"minecraft:crouch_one_cm":553,"minecraft:fall_one_cm":175414}},"DataVersion":3839}