{"stats":{"minecraft:used":{"minecraft:spruce_slab":4,"minecraft:ladder":22,"minecraft:chest":15,"minecraft:rotten_flesh":119,"minecraft:soul_sand":5,"minecraft:stripped_spruce_log":6,"minecraft:azure_bluet":1,"minecraft:spruce_boat":7,"minecraft:lava_bucket":2,"minecraft:netherite_boots":2,"minecraft:bow":325,"minecraft:ominous_bottle":1,"minecraft:furnace":2,"minecraft:egg":24,"minecraft:blackstone":7,"minecraft:wooden_pickaxe":18,"minecraft:golden_apple":36,"minecraft:sand":26,"minecraft:netherite_helmet":1,"minecraft:lectern":4,"minecraft:diamond_sword":2053,"minecraft:smithing_table":1,"minecraft:oak_trapdoor":2,"minecraft:enchanting_table":1,"minecraft:cooked_salmon":28,"minecraft:trial_key":6,"minecraft:netherrack":592,"minecraft:torch":24,"minecraft:anvil":1,"minecraft:iron_axe":409,"minecraft:jungle_log":1,"minecraft:totem_of_undying":8,"minecraft:diamond_chestplate":5,"minecraft:basalt":51,"minecraft:goat_horn":17,"minecraft:cobbled_deepslate":326,"minecraft:water_bucket":557,"minecraft:yellow_shulker_box":40,"minecraft:spruce_fence_gate":2,"minecraft:polished_blackstone_bricks":10,"minecraft:diamond_block":11,"minecraft:tnt":6,"minecraft:crafting_table":30,"minecraft:red_bed":2,"minecraft:white_bed":9,"minecraft:mud":5,"minecraft:diamond_pickaxe":36519,"minecraft:ender_eye":45,"minecraft:diamond_shovel":1387,"minecraft:wind_charge":42,"minecraft:iron_pickaxe":615,"minecraft:spruce_trapdoor":1,"minecraft:spruce_sapling":18,"minecraft:cobblestone":1362,"minecraft:potion":7,"minecraft:cooked_porkchop":139,"minecraft:diamond_leggings":4,"minecraft:jukebox":1,"minecraft:iron_shovel":22,"minecraft:diamond_hoe":24075,"minecraft:decorated_pot":3,"minecraft:shield":547,"minecraft:jungle_planks":7,"minecraft:music_disc_13":6,"minecraft:axolotl_bucket":2,"minecraft:obsidian":14,"minecraft:glass":1,"minecraft:stone_bricks":4,"minecraft:mangrove_roots":5,"minecraft:blue_shulker_box":5,"minecraft:golden_boots":1,"minecraft:diamond_boots":14,"minecraft:stone_pickaxe":219,"minecraft:oak_planks":23,"minecraft:ender_pearl":13,"minecraft:sandstone":135,"minecraft:diamond_axe":1515,"minecraft:netherite_leggings":1,"minecraft:crossbow":135,"minecraft:cobbled_deepslate_stairs":1,"minecraft:firework_rocket":8,"minecraft:melon_slice":222,"minecraft:bread":114,"minecraft:gravel":16,"minecraft:andesite":38,"minecraft:bone_meal":148,"minecraft:golden_pickaxe":3,"minecraft:experience_bottle":426,"minecraft:cherry_boat":1,"minecraft:netherite_sword":925,"minecraft:music_disc_otherside":1,"minecraft:flint_and_steel":3,"minecraft:stone_shovel":191,"minecraft:redstone":1,"minecraft:spruce_planks":387,"minecraft:sculk":128,"minecraft:cooked_chicken":5,"minecraft:dirt":351,"minecraft:white_carpet":20,"minecraft:hopper":12,"minecraft:diamond_helmet":5,"minecraft:shulker_box":8,"minecraft:granite":22,"minecraft:iron_hoe":1178,"minecraft:dark_oak_planks":75,"minecraft:wooden_axe":91,"minecraft:bookshelf":29,"minecraft:golden_carrot":1,"minecraft:netherite_pickaxe":2982,"minecraft:cooked_beef":157,"minecraft:cooked_mutton":51,"minecraft:acacia_boat":6,"minecraft:cobblestone_stairs":1,"minecraft:netherite_chestplate":1,"minecraft:cut_sandstone":17,"minecraft:black_shulker_box":45,"minecraft:spruce_sign":1,"minecraft:cobblestone_slab":36,"minecraft:music_disc_cat":2,"minecraft:apple":24,"minecraft:map":2,"minecraft:stone_axe":257,"minecraft:fishing_rod":12,"minecraft:white_banner":8,"minecraft:bucket":564},"minecraft:picked_up":{"minecraft:wooden_axe":2,"minecraft:seagrass":1,"minecraft:iron_chestplate":1,"minecraft:flower_pot":1,"minecraft:anvil":1,"minecraft:lead":1,"minecraft:diamond_sword":25,"minecraft:oak_stairs":1,"minecraft:enchanted_book":45,"minecraft:brewing_stand":2,"minecraft:golden_sword":1,"minecraft:amethyst_block":1,"minecraft:music_disc_cat":5,"minecraft:string":1723,"minecraft:soul_soil":7,"minecraft:cooked_salmon":31,"minecraft:cherry_boat":1,"minecraft:diamond_leggings":20,"minecraft:gold_nugget":1347,"minecraft:cobbled_deepslate":2045,"minecraft:spruce_planks":255,"minecraft:trial_key":7,"minecraft:netherite_upgrade_smithing_template":4,"minecraft:enchanted_golden_apple":6,"minecraft:melon_slice":500,"minecraft:golden_helmet":4,"minecraft:purpur_pillar":2,"minecraft:golden_axe":9,"minecraft:waxed_copper_grate":1,"minecraft:honey_bottle":2,"minecraft:tropical_fish":3,"minecraft:blue_dye":1,"minecraft:armadillo_scute":11,"minecraft:end_rod":6,"minecraft:blaze_rod":15,"minecraft:snowball":119,"minecraft:birch_log":1,"minecraft:magma_block":124,"minecraft:feather":22,"minecraft:cooked_beef":678,"minecraft:iron_door":2,"minecraft:water_bucket":12,"minecraft:jungle_log":27,"minecraft:flint":31,"minecraft:diamond_helmet":17,"minecraft:glowstone_dust":20,"minecraft:moss_block":14,"minecraft:stripped_spruce_log":6,"minecraft:dark_oak_log":40,"minecraft:iron_hoe":1,"minecraft:white_candle":19,"minecraft:granite":64,"minecraft:bread":93,"minecraft:music_disc_precipice":3,"minecraft:dark_oak_fence":8,"minecraft:crimson_roots":2,"minecraft:diamond_pickaxe":26,"minecraft:mud":6,"minecraft:crafting_table":21,"minecraft:ominous_bottle":1,"minecraft:nether_wart":19,"minecraft:dragon_head":4,"minecraft:wind_charge":22,"minecraft:cornflower":3,"minecraft:red_bed":2,"minecraft:elytra":8,"minecraft:flint_and_steel":1,"minecraft:compass":1,"minecraft:white_carpet":13,"minecraft:netherite_sword":3,"minecraft:music_disc_otherside":1,"minecraft:beef":37,"minecraft:poppy":4,"minecraft:spruce_slab":5,"minecraft:guster_pottery_sherd":1,"minecraft:chest":13,"minecraft:diamond_hoe":19,"minecraft:egg":39,"minecraft:sandstone":217,"minecraft:oak_door":1,"minecraft:spruce_fence":36,"minecraft:fire_charge":4,"minecraft:carrot":4,"minecraft:redstone":190,"minecraft:netherite_pickaxe":5,"minecraft:music_disc_creator_music_box":4,"minecraft:tnt":28,"minecraft:stone_shovel":2,"minecraft:diamond_chestplate":19,"minecraft:decorated_pot":32,"minecraft:deepslate_bricks":2,"minecraft:diamond_boots":22,"minecraft:purpur_slab":1,"minecraft:hay_block":45,"minecraft:gold_ingot":182,"minecraft:totem_of_undying":29,"minecraft:mutton":86,"minecraft:white_wool":86,"minecraft:rail":14,"minecraft:yellow_shulker_box":39,"minecraft:tripwire_hook":1,"minecraft:filled_map":4,"minecraft:oak_log":67,"minecraft:ancient_debris":27,"minecraft:golden_boots":5,"minecraft:sculk_vein":2,"minecraft:paper":2,"minecraft:white_banner":13,"minecraft:apple":4,"minecraft:stone_bricks":8,"minecraft:kelp":17,"minecraft:stone_pickaxe":1,"minecraft:glass_bottle":3,"minecraft:flowering_azalea":1,"minecraft:dark_oak_stairs":3,"minecraft:smooth_basalt":15,"minecraft:sculk":141,"minecraft:gravel":479,"minecraft:spruce_sapling":59,"minecraft:spruce_log":427,"minecraft:crying_obsidian":5,"minecraft:polished_tuff":1,"minecraft:dragon_egg":1,"minecraft:firework_rocket":8,"minecraft:diamond_shovel":2,"minecraft:slime_ball":1,"minecraft:stone_axe":1,"minecraft:diamond_axe":14,"minecraft:gray_wool":2,"minecraft:baked_potato":5,"minecraft:ender_pearl":43,"minecraft:shulker_shell":9,"minecraft:wheat":21,"minecraft:potion":17,"minecraft:nether_brick":12,"minecraft:raw_copper":23,"minecraft:iron_leggings":7,"minecraft:sticky_piston":1,"minecraft:experience_bottle":128,"minecraft:black_shulker_box":45,"minecraft:smooth_stone":36,"minecraft:bucket":7,"minecraft:eye_armor_trim_smithing_template":8,"minecraft:white_tulip":2,"minecraft:cobblestone_slab":20,"minecraft:ender_eye":18,"minecraft:calcite":9,"minecraft:azalea":4,"minecraft:iron_pickaxe":4,"minecraft:iron_boots":4,"minecraft:furnace":7,"minecraft:tipped_arrow":15,"minecraft:stick":303,"minecraft:oak_fence":23,"minecraft:torch":487,"minecraft:porkchop":25,"minecraft:diorite":36,"minecraft:goat_horn":2,"minecraft:rotten_flesh":449,"minecraft:mangrove_roots":5,"minecraft:deepslate_brick_stairs":1,"minecraft:obsidian":42,"minecraft:cod":2,"minecraft:cobblestone":2797,"minecraft:enchanting_table":1,"minecraft:magma_cream":4,"minecraft:repeater":3,"minecraft:andesite":82,"minecraft:tuff":136,"minecraft:acacia_boat":8,"minecraft:lapis_lazuli":419,"minecraft:dirt":658,"minecraft:name_tag":7,"minecraft:glass":60,"minecraft:bone":448,"minecraft:bow":24,"minecraft:wheat_seeds":232,"minecraft:raw_gold":163,"minecraft:cobbled_deepslate_slab":12,"minecraft:grindstone":1,"minecraft:bamboo":17,"minecraft:powered_rail":6,"minecraft:prismarine":4,"minecraft:oak_planks":104,"minecraft:cooked_porkchop":359,"minecraft:music_disc_13":6,"minecraft:sand":689,"minecraft:jungle_planks":61,"minecraft:nether_brick_stairs":1,"minecraft:grass_block":2,"minecraft:diamond_block":11,"minecraft:spectral_arrow":288,"minecraft:shulker_box":11,"minecraft:mossy_cobblestone":9,"minecraft:spruce_fence_gate":2,"minecraft:diamond":798,"minecraft:spruce_boat":6,"minecraft:cracked_polished_blackstone_bricks":5,"minecraft:crossbow":4,"minecraft:breeze_rod":53,"minecraft:bone_meal":3,"minecraft:golden_apple":110,"minecraft:spruce_sign":6,"minecraft:emerald":262,"minecraft:oak_sapling":5,"minecraft:netherrack":3301,"minecraft:fishing_rod":2,"minecraft:azure_bluet":4,"minecraft:splash_potion":1,"minecraft:chicken":15,"minecraft:ladder":7,"minecraft:chest_minecart":3,"minecraft:wooden_pickaxe":1,"minecraft:gold_block":12,"minecraft:diamond_horse_armor":1,"minecraft:brick":95,"minecraft:shield":14,"minecraft:oak_trapdoor":1,"minecraft:moss_carpet":11,"minecraft:iron_axe":10,"minecraft:blackstone":200,"minecraft:spire_armor_trim_smithing_template":1,"minecraft:light_gray_wool":1,"minecraft:lectern":7,"minecraft:blue_shulker_box":6,"minecraft:sugar_cane":80,"minecraft:phantom_membrane":4,"minecraft:raw_iron":265,"minecraft:end_stone":134,"minecraft:copper_ingot":1,"minecraft:polished_blackstone_bricks":217,"minecraft:stone_button":2,"minecraft:stone_pressure_plate":2,"minecraft:dark_oak_planks":103,"minecraft:arrow":811,"minecraft:jungle_stairs":2,"minecraft:nether_bricks":11,"minecraft:saddle":3,"minecraft:skeleton_skull":5,"minecraft:basalt":264,"minecraft:golden_carrot":4,"minecraft:glow_ink_sac":1,"minecraft:magenta_banner":3,"minecraft:salmon":18,"minecraft:cut_sandstone":32,"minecraft:leather":142,"minecraft:birch_planks":11,"minecraft:wolf_armor":2,"minecraft:waxed_copper_bulb":1,"minecraft:waxed_copper_block":1,"minecraft:cobblestone_wall":3,"minecraft:cobblestone_stairs":1,"minecraft:cobbled_deepslate_stairs":6,"minecraft:gunpowder":5,"minecraft:orange_terracotta":3,"minecraft:cooked_mutton":254,"minecraft:red_carpet":32,"minecraft:gray_carpet":26,"minecraft:iron_ingot":237,"minecraft:cooked_chicken":29,"minecraft:soul_sand":72,"minecraft:book":215,"minecraft:emerald_block":1,"minecraft:quartz":435,"minecraft:dandelion":9,"minecraft:lava_bucket":2,"minecraft:blast_furnace":1,"minecraft:white_bed":17,"minecraft:spruce_door":1,"minecraft:spider_eye":49,"minecraft:pumpkin_seeds":21,"minecraft:iron_helmet":1,"minecraft:terracotta":1,"minecraft:black_wool":5,"minecraft:coal":1408},"minecraft:mined":{"minecraft:dark_oak_planks":172,"minecraft:dragon_wall_head":2,"minecraft:white_bed":2,"minecraft:jungle_leaves":7,"minecraft:obsidian":21,"minecraft:granite":62,"minecraft:deepslate_tile_wall":1,"minecraft:jungle_log":21,"minecraft:deepslate_bricks":2,"minecraft:purpur_slab":1,"minecraft:chiseled_tuff_bricks":1,"minecraft:oxeye_daisy":1,"minecraft:nether_wart":10,"minecraft:chiseled_stone_bricks":1,"minecraft:spawner":28,"minecraft:polished_blackstone_bricks":180,"minecraft:tall_seagrass":8,"minecraft:magma_block":245,"minecraft:cobbled_deepslate":56,"minecraft:sticky_piston":1,"minecraft:fire":10,"minecraft:moss_carpet":1,"minecraft:pumpkin":1,"minecraft:deepslate_lapis_ore":52,"minecraft:nether_brick_stairs":1,"minecraft:enchanting_table":1,"minecraft:sculk_shrieker":24,"minecraft:dirt_path":5,"minecraft:oak_stairs":1,"minecraft:deepslate_brick_stairs":1,"minecraft:tripwire":5,"minecraft:cut_sandstone":77,"minecraft:red_bed":1,"minecraft:kelp_plant":6,"minecraft:crimson_nylium":30,"minecraft:powder_snow":73,"minecraft:torch":5,"minecraft:blast_furnace":1,"minecraft:melon":90,"minecraft:dead_bush":2,"minecraft:white_candle":11,"minecraft:sugar_cane":49,"minecraft:spruce_sign":1,"minecraft:skeleton_skull":2,"minecraft:waxed_copper_bulb":1,"minecraft:repeater":1,"minecraft:mud":6,"minecraft:wheat":8,"minecraft:waxed_copper_block":5,"minecraft:smooth_basalt":18,"minecraft:blue_shulker_box":5,"minecraft:deepslate":2102,"minecraft:mossy_cobblestone":122,"minecraft:dark_oak_log":42,"minecraft:end_stone":119,"minecraft:shulker_box":8,"minecraft:waxed_oxidized_chiseled_copper":1,"minecraft:nether_bricks":18,"minecraft:dark_oak_fence":19,"minecraft:jungle_planks":5,"minecraft:crimson_roots":1,"minecraft:redstone_wire":5,"minecraft:kelp":11,"minecraft:cartography_table":1,"minecraft:moss_block":4,"minecraft:waxed_oxidized_cut_copper":1,"minecraft:waxed_copper_grate":4,"minecraft:andesite":55,"minecraft:diamond_block":11,"minecraft:chiseled_tuff":1,"minecraft:cobblestone_slab":19,"minecraft:vine":15,"minecraft:rail":3,"minecraft:bamboo":4,"minecraft:birch_stairs":1,"minecraft:glass_pane":7,"minecraft:soul_sand":15,"minecraft:dandelion":7,"minecraft:smooth_sandstone":1,"minecraft:cornflower":2,"minecraft:short_grass":346,"minecraft:emerald_ore":4,"minecraft:copper_ore":15,"minecraft:purpur_pillar":2,"minecraft:tall_grass":48,"minecraft:deepslate_gold_ore":89,"minecraft:diorite":27,"minecraft:coarse_dirt":1,"minecraft:cobblestone_wall":3,"minecraft:spruce_log":280,"minecraft:birch_leaves":19,"minecraft:gravel":261,"minecraft:cobweb":26,"minecraft:acacia_planks":1,"minecraft:stone_bricks":25,"minecraft:gold_ore":7,"minecraft:fern":11,"minecraft:black_shulker_box":45,"minecraft:spruce_planks":74,"minecraft:stone_pressure_plate":3,"minecraft:farmland":14,"minecraft:cobblestone_stairs":8,"minecraft:sculk_vein":1731,"minecraft:brewing_stand":2,"minecraft:grass_block":365,"minecraft:cracked_polished_blackstone_bricks":39,"minecraft:soul_soil":7,"minecraft:frosted_ice":40,"minecraft:tuff_bricks":5,"minecraft:gilded_blackstone":2,"minecraft:smooth_stone":20,"minecraft:raw_iron_block":1,"minecraft:glowstone":7,"minecraft:sculk_catalyst":45,"minecraft:iron_ore":220,"minecraft:polished_tuff":2,"minecraft:azure_bluet":2,"minecraft:dark_oak_stairs":3,"minecraft:spruce_slab":3,"minecraft:deepslate_redstone_ore":62,"minecraft:blackstone":485,"minecraft:orange_terracotta":7,"minecraft:jungle_stairs":2,"minecraft:calcite":8,"minecraft:poppy":2,"minecraft:chest":12,"minecraft:nether_quartz_ore":1047,"minecraft:cobblestone":464,"minecraft:oak_planks":48,"minecraft:grindstone":1,"minecraft:prismarine":4,"minecraft:iron_door":3,"minecraft:wall_torch":7,"minecraft:seagrass":16,"minecraft:warped_nylium":1,"minecraft:nether_wart_block":46,"minecraft:tnt":27,"minecraft:purpur_block":9,"minecraft:oak_log":78,"minecraft:sand":723,"minecraft:dirt":478,"minecraft:netherrack":28297,"minecraft:ancient_debris":25,"minecraft:oak_leaves":213,"minecraft:nether_gold_ore":288,"minecraft:tuff":165,"minecraft:deepslate_diamond_ore":372,"minecraft:oak_door":1,"minecraft:mangrove_roots":5,"minecraft:glow_lichen":1,"minecraft:ladder":5,"minecraft:stone_button":1,"minecraft:decorated_pot":67,"minecraft:spruce_leaves":218,"minecraft:sandstone":612,"minecraft:hay_block":49,"minecraft:oak_trapdoor":1,"minecraft:furnace":2,"minecraft:chiseled_sandstone":1,"minecraft:stripped_spruce_log":3,"minecraft:gold_block":13,"minecraft:nether_brick_fence":2,"minecraft:polished_deepslate":1,"minecraft:bookshelf":55,"minecraft:shroomlight":2,"minecraft:deepslate_iron_ore":24,"minecraft:stone":2175,"minecraft:yellow_shulker_box":40,"minecraft:podzol":4,"minecraft:flowering_azalea":1,"minecraft:stripped_dark_oak_log":1,"minecraft:basalt":1023,"minecraft:polished_granite":1,"minecraft:oak_fence":28,"minecraft:crafting_table":17,"minecraft:sculk_sensor":217,"minecraft:lectern":7,"minecraft:lapis_ore":32,"minecraft:polished_blackstone_brick_stairs":3,"minecraft:sculk":22719,"minecraft:gray_wool":1,"minecraft:birch_planks":15,"minecraft:waxed_oxidized_copper_grate":2,"minecraft:white_wall_banner":1,"minecraft:bee_nest":1,"minecraft:coal_ore":1169,"minecraft:end_rod":3,"minecraft:gray_carpet":17,"minecraft:cracked_stone_bricks":3,"minecraft:terracotta":3,"minecraft:mossy_stone_bricks":2},"minecraft:crafted":{"minecraft:blaze_powder":22,"minecraft:wolf_armor":1,"minecraft:diamond_shovel":2,"minecraft:bookshelf":31,"minecraft:cooked_mutton":36,"minecraft:shulker_box":3,"minecraft:glass":17,"minecraft:diamond_helmet":8,"minecraft:diamond_leggings":7,"minecraft:netherite_boots":4,"minecraft:emerald":60,"minecraft:cooked_porkchop":5,"minecraft:diamond_axe":2,"minecraft:smithing_table":1,"minecraft:compass":1,"minecraft:iron_pickaxe":3,"minecraft:iron_block":3,"minecraft:gold_ingot":286,"minecraft:netherite_ingot":6,"minecraft:jukebox":1,"minecraft:diamond_hoe":9,"minecraft:wind_charge":48,"minecraft:blue_shulker_box":2,"minecraft:bone_meal":198,"minecraft:white_carpet":54,"minecraft:diamond":90,"minecraft:ladder":42,"minecraft:stone_pickaxe":2,"minecraft:diamond_boots":7,"minecraft:cobbled_deepslate_stairs":4,"minecraft:spruce_boat":2,"minecraft:wheat":387,"minecraft:netherite_pickaxe":1,"minecraft:golden_apple":16,"minecraft:wooden_axe":2,"minecraft:iron_shovel":1,"minecraft:iron_leggings":2,"minecraft:white_bed":14,"minecraft:oak_planks":224,"minecraft:cobblestone_slab":24,"minecraft:cooked_chicken":11,"minecraft:cobblestone_stairs":8,"minecraft:hopper":12,"minecraft:bow":2,"minecraft:iron_boots":2,"minecraft:chest":22,"minecraft:netherite_helmet":4,"minecraft:netherite_upgrade_smithing_template":36,"minecraft:ender_eye":21,"minecraft:crafting_table":14,"minecraft:spruce_planks":800,"minecraft:wooden_pickaxe":1,"minecraft:iron_helmet":2,"minecraft:spruce_trapdoor":2,"minecraft:book":3,"minecraft:iron_chestplate":2,"minecraft:paper":15,"minecraft:yellow_dye":1,"minecraft:diamond_pickaxe":4,"minecraft:shield":7,"minecraft:stick":296,"minecraft:iron_ingot":198,"minecraft:cobbled_deepslate_slab":6,"minecraft:netherite_sword":1,"minecraft:furnace":2,"minecraft:diamond_block":10,"minecraft:oak_trapdoor":2,"minecraft:netherite_chestplate":4,"minecraft:netherite_leggings":4,"minecraft:yellow_shulker_box":3,"minecraft:iron_axe":11,"minecraft:iron_hoe":5,"minecraft:netherite_scrap":24,"minecraft:cooked_beef":37,"minecraft:diamond_sword":7,"minecraft:spruce_sign":3,"minecraft:bucket":7,"minecraft:stone_axe":3,"minecraft:bread":72,"minecraft:jungle_planks":104,"minecraft:blue_dye":1,"minecraft:black_carpet":3,"minecraft:anvil":1,"minecraft:torch":4,"minecraft:diamond_chestplate":8},"minecraft:killed":{"minecraft:cave_spider":20,"minecraft:shulker":14,"minecraft:skeleton":491,"minecraft:chicken":22,"minecraft:magma_cube":24,"minecraft:elder_guardian":1,"minecraft:salmon":51,"minecraft:iron_golem":5,"minecraft:ender_dragon":1,"minecraft:pillager":50,"minecraft:goat":3,"minecraft:zombie":652,"minecraft:cow":129,"minecraft:evoker":20,"minecraft:vindicator":40,"minecraft:horse":2,"minecraft:husk":16,"minecraft:wandering_trader":1,"minecraft:ravager":3,"minecraft:breeze":10,"minecraft:enderman":27,"minecraft:witch":7,"minecraft:zombified_piglin":1,"minecraft:spider":43,"minecraft:silverfish":9,"minecraft:turtle":1,"minecraft:piglin_brute":13,"minecraft:wolf":5,"minecraft:piglin":45,"minecraft:pig":72,"minecraft:zombie_villager":3,"minecraft:creeper":11,"minecraft:sheep":133,"minecraft:trader_llama":2,"minecraft:stray":10,"minecraft:ghast":1,"minecraft:blaze":34,"minecraft:vex":1,"minecraft:armadillo":17,"minecraft:slime":6,"minecraft:phantom":11,"minecraft:panda":1,"minecraft:drowned":9,"minecraft:bat":1,"minecraft:hoglin":3,"minecraft:wither_skeleton":8,"minecraft:villager":2},"minecraft:dropped":{"minecraft:porkchop":4,"minecraft:lapis_lazuli":179,"minecraft:cooked_beef":25,"minecraft:glow_ink_sac":1,"minecraft:glass_bottle":3,"minecraft:diamond":147,"minecraft:cooked_porkchop":76,"minecraft:crossbow":1,"minecraft:saddle":4,"minecraft:rail":13,"minecraft:music_disc_creator_music_box":1,"minecraft:red_carpet":32,"minecraft:emerald":33,"minecraft:dirt":213,"minecraft:dark_oak_fence":8,"minecraft:stone_button":2,"minecraft:gold_nugget":222,"minecraft:bone_meal":3,"minecraft:phantom_membrane":3,"minecraft:sand":89,"minecraft:dark_oak_planks":28,"minecraft:white_wool":10,"minecraft:bone":206,"minecraft:oak_door":1,"minecraft:magenta_banner":3,"minecraft:stone_axe":2,"minecraft:goat_horn":1,"minecraft:compass":1,"minecraft:sugar_cane":65,"minecraft:cooked_chicken":5,"minecraft:golden_chestplate":1,"minecraft:cobbled_deepslate":1054,"minecraft:nether_brick":12,"minecraft:netherite_sword":1,"minecraft:wheat":27,"minecraft:obsidian":8,"minecraft:rotten_flesh":257,"minecraft:grindstone":1,"minecraft:oak_planks":83,"minecraft:glowstone_dust":20,"minecraft:end_stone":131,"minecraft:blaze_powder":27,"minecraft:azure_bluet":2,"minecraft:white_bed":15,"minecraft:eye_armor_trim_smithing_template":33,"minecraft:wind_charge":4,"minecraft:tipped_arrow":1,"minecraft:jungle_stairs":2,"minecraft:ladder":21,"minecraft:glass":34,"minecraft:crying_obsidian":5,"minecraft:lectern":3,"minecraft:egg":15,"minecraft:iron_ingot":25,"minecraft:enchanted_book":21,"minecraft:golden_boots":4,"minecraft:netherite_pickaxe":3,"minecraft:wheat_seeds":207,"minecraft:cobbled_deepslate_stairs":3,"minecraft:tnt":3,"minecraft:feather":2,"minecraft:oak_fence":23,"minecraft:purpur_slab":1,"minecraft:iron_helmet":1,"minecraft:cobblestone":332,"minecraft:book":45,"minecraft:waxed_copper_grate":1,"minecraft:apple":23,"minecraft:granite":17,"minecraft:spruce_door":1,"minecraft:coal":258,"minecraft:golden_apple":71,"minecraft:end_rod":3,"minecraft:lava_bucket":2,"minecraft:diamond_horse_armor":1,"minecraft:golden_carrot":3,"minecraft:wooden_axe":3,"minecraft:cooked_salmon":2,"minecraft:diamond_helmet":10,"minecraft:potion":6,"minecraft:oak_stairs":1,"minecraft:armadillo_scute":2,"minecraft:mud":1,"minecraft:smooth_stone":36,"minecraft:paper":8,"minecraft:string":905,"minecraft:gray_carpet":14,"minecraft:spruce_sapling":29,"minecraft:purpur_pillar":2,"minecraft:moss_carpet":11,"minecraft:soul_soil":7,"minecraft:cobblestone_wall":3,"minecraft:diamond_hoe":12,"minecraft:stone_shovel":2,"minecraft:chicken":1,"minecraft:white_carpet":47,"minecraft:iron_boots":2,"minecraft:name_tag":3,"minecraft:cobbled_deepslate_slab":6,"minecraft:nether_bricks":6,"minecraft:spruce_fence":36,"minecraft:pumpkin_seeds":21,"minecraft:wolf_armor":1,"minecraft:diamond_sword":18,"minecraft:cobblestone_slab":8,"minecraft:hay_block":2,"minecraft:spruce_boat":1,"minecraft:flower_pot":1,"minecraft:spruce_trapdoor":1,"minecraft:spruce_planks":217,"minecraft:diamond_pickaxe":17,"minecraft:stone_pressure_plate":1,"minecraft:bamboo":17,"minecraft:spider_eye":24,"minecraft:stone_bricks":4,"minecraft:bow":12,"minecraft:magma_block":73,"minecraft:black_wool":2,"minecraft:terracotta":1,"minecraft:guster_pottery_sherd":1,"minecraft:nether_brick_stairs":1,"minecraft:blue_shulker_box":2,"minecraft:spruce_sign":4,"minecraft:acacia_boat":3,"minecraft:birch_planks":11,"minecraft:soul_sand":43,"minecraft:moss_block":14,"minecraft:dark_oak_stairs":3,"minecraft:diamond_axe":8,"minecraft:oak_log":1,"minecraft:baked_potato":5,"minecraft:ender_pearl":7,"minecraft:decorated_pot":8,"minecraft:leather":98,"minecraft:chest_minecart":3,"minecraft:jungle_planks":7,"minecraft:flint":32,"minecraft:cod":1,"minecraft:cobblestone_stairs":4,"minecraft:cracked_polished_blackstone_bricks":1,"minecraft:dark_oak_log":40,"minecraft:cornflower":2,"minecraft:mutton":46,"minecraft:crimson_roots":2,"minecraft:seagrass":1,"minecraft:cut_sandstone":15,"minecraft:snowball":46,"minecraft:polished_blackstone_bricks":69,"minecraft:birch_log":1,"minecraft:gold_ingot":181,"minecraft:gravel":301,"minecraft:white_tulip":3,"minecraft:blackstone":53,"minecraft:white_candle":19,"minecraft:diamond_shovel":3,"minecraft:cooked_mutton":108,"minecraft:honey_bottle":2,"minecraft:carrot":2,"minecraft:shulker_shell":2,"minecraft:poppy":4,"minecraft:gunpowder":5,"minecraft:skeleton_skull":2,"minecraft:azalea":4,"minecraft:chest":7,"minecraft:spire_armor_trim_smithing_template":2,"minecraft:basalt":17,"minecraft:arrow":310,"minecraft:quartz":239,"minecraft:splash_potion":1,"minecraft:netherrack":2079,"minecraft:firework_rocket":8,"minecraft:water_bucket":4,"minecraft:bread":20,"minecraft:golden_helmet":1,"minecraft:mossy_cobblestone":9,"minecraft:diamond_leggings":11,"minecraft:golden_axe":5,"minecraft:spectral_arrow":15,"minecraft:polished_tuff":1,"minecraft:amethyst_block":1,"minecraft:tropical_fish":2,"minecraft:grass_block":2,"minecraft:stick":159,"minecraft:deepslate_brick_stairs":1,"minecraft:diorite":27,"minecraft:brewing_stand":2,"minecraft:torch":116,"minecraft:repeater":3,"minecraft:melon_slice":176,"minecraft:waxed_copper_bulb":1,"minecraft:iron_door":2,"minecraft:fire_charge":4,"minecraft:iron_leggings":3,"minecraft:flowering_azalea":1,"minecraft:iron_axe":13,"minecraft:tripwire_hook":1,"minecraft:bucket":6,"minecraft:music_disc_cat":3,"minecraft:dandelion":8,"minecraft:smooth_basalt":15,"minecraft:redstone":121,"minecraft:anvil":1,"minecraft:kelp":4,"minecraft:oak_trapdoor":1,"minecraft:nether_wart":14,"minecraft:blaze_rod":14,"minecraft:raw_copper":18,"minecraft:tuff":43,"minecraft:raw_iron":7,"minecraft:iron_hoe":1,"minecraft:ender_eye":1,"minecraft:totem_of_undying":12,"minecraft:shulker_box":1,"minecraft:deepslate_bricks":2,"minecraft:filled_map":5,"minecraft:shield":8,"minecraft:diamond_chestplate":9,"minecraft:orange_terracotta":1,"minecraft:dragon_egg":1,"minecraft:iron_chestplate":2,"minecraft:andesite":39,"minecraft:oak_sapling":5,"minecraft:golden_leggings":1,"minecraft:golden_sword":1,"minecraft:diamond_boots":13,"minecraft:spruce_log":159,"minecraft:stone_pickaxe":3,"minecraft:wooden_pickaxe":2,"minecraft:raw_gold":37,"minecraft:magma_cream":2,"minecraft:calcite":8,"minecraft:brick":16},"minecraft:custom":{"minecraft:interact_with_crafting_table":229,"minecraft:open_barrel":20,"minecraft:bell_ring":21,"minecraft:leave_game":106,"minecraft:time_since_death":400488,"minecraft:damage_blocked_by_shield":18472,"minecraft:play_time":3925056,"minecraft:deaths":15,"minecraft:jump":35716,"minecraft:enchant_item":8,"minecraft:interact_with_furnace":44,"minecraft:play_record":15,"minecraft:traded_with_villager":64,"minecraft:interact_with_cartography_table":7,"minecraft:sleep_in_bed":17,"minecraft:damage_dealt":218823,"minecraft:interact_with_smoker":32,"minecraft:inspect_dispenser":17,"minecraft:horse_one_cm":1217201,"minecraft:interact_with_smithing_table":31,"minecraft:interact_with_anvil":94,"minecraft:inspect_hopper":31,"minecraft:sneak_time":129870,"minecraft:interact_with_blast_furnace":36,"minecraft:total_world_time":3925056,"minecraft:time_since_rest":400514,"minecraft:swim_one_cm":506800,"minecraft:fly_one_cm":17697148,"minecraft:open_chest":1552,"minecraft:fall_one_cm":840604,"minecraft:open_shulker_box":196,"minecraft:sprint_one_cm":8671201,"minecraft:drop":1757,"minecraft:talked_to_villager":114,"minecraft:interact_with_brewingstand":26,"minecraft:walk_on_water_one_cm":655447,"minecraft:interact_with_loom":2,"minecraft:open_enderchest":2,"minecraft:player_kills":24,"minecraft:crouch_one_cm":172488,"minecraft:mob_kills":2185,"minecraft:climb_one_cm":81246,"minecraft:walk_one_cm":9273803,"minecraft:raid_win":2,"minecraft:walk_under_water_one_cm":583290,"minecraft:boat_one_cm":496205,"minecraft:raid_trigger":2,"minecraft:interact_with_grindstone":5,"minecraft:damage_taken":41767,"minecraft:damage_absorbed":1530,"minecraft:aviate_one_cm":478917},"minecraft:killed_by":{"minecraft:piglin_brute":2,"minecraft:vindicator":2,"minecraft:zombie":3,"minecraft:warden":1,"minecraft:player":2,"minecraft:spider":1},"minecraft:broken":{"minecraft:iron_boots":1,"minecraft:iron_hoe":3,"minecraft:shield":2,"minecraft:iron_axe":1,"minecraft:iron_pickaxe":2,"minecraft:iron_helmet":1,"minecraft:stone_axe":1,"minecraft:wooden_axe":1,"minecraft:stone_shovel":1,"minecraft:diamond_hoe":7}},"DataVersion":3953}