{"stats":{"minecraft:mined":{"minecraft:powder_snow":2,"minecraft:crafting_table":3,"minecraft:short_grass":29,"minecraft:grass_block":23,"minecraft:tall_grass":1,"minecraft:spruce_leaves":8,"minecraft:spruce_log":17,"minecraft:oak_log":6,"minecraft:dirt":4,"minecraft:oak_leaves":2},"minecraft:picked_up":{"minecraft:wooden_axe":1,"minecraft:crafting_table":10,"minecraft:magma_cream":3,"minecraft:anvil":5,"minecraft:leather":18,"minecraft:diamond_sword":10,"minecraft:potion":2,"minecraft:flint":4,"minecraft:oak_log":8,"minecraft:gunpowder":1,"minecraft:lapis_lazuli":57,"minecraft:dirt":49,"minecraft:raw_copper":21,"minecraft:bone":4,"minecraft:bow":1,"minecraft:diamond_leggings":12,"minecraft:wheat_seeds":17,"minecraft:spruce_planks":296,"minecraft:rabbit_hide":16,"minecraft:poppy":1,"minecraft:diamond_helmet":13,"minecraft:oak_planks":12,"minecraft:tipped_arrow":6,"minecraft:stick":16,"minecraft:torch":2,"minecraft:gravel":3,"minecraft:spruce_sapling":4,"minecraft:spruce_log":17,"minecraft:spider_eye":146,"minecraft:rabbit_foot":28,"minecraft:diamond_chestplate":12,"minecraft:arrow":12,"minecraft:rotten_flesh":54,"minecraft:diamond":2,"minecraft:stone_axe":8,"minecraft:diamond_boots":13,"minecraft:diamond_axe":3,"minecraft:oak_sapling":2,"minecraft:coal":18,"minecraft:snowball":22,"minecraft:cobblestone":92},"minecraft:killed":{"minecraft:wolf":1,"minecraft:zombie":2},"minecraft:dropped":{"minecraft:stone_axe":2,"minecraft:raw_copper":21,"minecraft:diamond_sword":4,"minecraft:wooden_axe":1,"minecraft:diamond_helmet":1,"minecraft:diamond_boots":1,"minecraft:bow":1},"minecraft:used":{"minecraft:stone_sword":1,"minecraft:diamond_boots":8,"minecraft:oak_planks":3,"minecraft:spruce_planks":14,"minecraft:rotten_flesh":14,"minecraft:dirt":49,"minecraft:crafting_table":5,"minecraft:spider_eye":1,"minecraft:diamond_helmet":7,"minecraft:snowball":3,"minecraft:spruce_log":6,"minecraft:wooden_axe":14,"minecraft:spruce_sapling":3,"minecraft:gravel":1,"minecraft:wooden_sword":2,"minecraft:stone_axe":51,"minecraft:diamond_chestplate":7,"minecraft:diamond_sword":85,"minecraft:cobblestone":43,"minecraft:oak_sapling":1,"minecraft:diamond_leggings":7},"minecraft:crafted":{"minecraft:wooden_sword":1,"minecraft:oak_planks":28,"minecraft:diamond_sword":1,"minecraft:leather_boots":1,"minecraft:crafting_table":2,"minecraft:spruce_planks":44,"minecraft:leather_helmet":1,"minecraft:stone_axe":2,"minecraft:stick":28,"minecraft:leather_chestplate":1,"minecraft:wooden_axe":1,"minecraft:stone_sword":1},"minecraft:killed_by":{"minecraft:player":17},"minecraft:custom":{"minecraft:interact_with_smithing_table":1,"minecraft:interact_with_furnace":6,"minecraft:interact_with_anvil":2,"minecraft:mob_kills":3,"minecraft:interact_with_crafting_table":8,"minecraft:interact_with_cartography_table":1,"minecraft:leave_game":1,"minecraft:time_since_death":10645,"minecraft:sleep_in_bed":3,"minecraft:time_since_rest":10672,"minecraft:sprint_one_cm":297946,"minecraft:damage_taken":5784,"minecraft:walk_one_cm":222837,"minecraft:drop":11,"minecraft:damage_dealt":1405,"minecraft:player_kills":1,"minecraft:fly_one_cm":94734,"minecraft:swim_one_cm":20516,"minecraft:open_chest":18,"minecraft:crouch_one_cm":677,"minecraft:play_time":62849,"minecraft:deaths":19,"minecraft:sneak_time":381,"minecraft:walk_under_water_one_cm":9551,"minecraft:jump":1055,"minecraft:interact_with_brewingstand":1,"minecraft:interact_with_blast_furnace":2,"minecraft:walk_on_water_one_cm":19231,"minecraft:total_world_time":62849,"minecraft:interact_with_smoker":1,"minecraft:fall_one_cm":53468}},"DataVersion":3839}