{"stats":{"minecraft:used":{"minecraft:spruce_slab":13,"minecraft:ladder":7,"minecraft:poppy":4,"minecraft:chest":255,"minecraft:rotten_flesh":62,"minecraft:snowball":28,"minecraft:azure_bluet":2,"minecraft:stripped_spruce_log":7,"minecraft:spruce_boat":4,"minecraft:lava_bucket":55,"minecraft:grass_block":1,"minecraft:wet_sponge":1,"minecraft:snow":12,"minecraft:bow":237,"minecraft:sweet_berries":68,"minecraft:ominous_bottle":1,"minecraft:oak_sapling":5,"minecraft:furnace":13,"minecraft:egg":2,"minecraft:potato":52,"minecraft:spruce_door":8,"minecraft:wooden_pickaxe":59,"minecraft:composter":1,"minecraft:golden_apple":6,"minecraft:blast_furnace":3,"minecraft:lectern":5,"minecraft:diamond_sword":2024,"minecraft:wooden_sword":46,"minecraft:dark_oak_fence":3,"minecraft:smithing_table":1,"minecraft:oak_trapdoor":19,"minecraft:enchanting_table":1,"minecraft:cooked_salmon":141,"minecraft:trial_key":2,"minecraft:netherrack":12,"minecraft:orange_bed":3,"minecraft:torch":477,"minecraft:brewing_stand":2,"minecraft:anvil":10,"minecraft:iron_axe":3459,"minecraft:barrel":12,"minecraft:bamboo":33,"minecraft:diamond_chestplate":3,"minecraft:tripwire_hook":4,"minecraft:basalt":73,"minecraft:cobbled_deepslate":341,"minecraft:calcite":79,"minecraft:wheat_seeds":7,"minecraft:water_bucket":981,"minecraft:cartography_table":3,"minecraft:fletching_table":1,"minecraft:spruce_fence_gate":1,"minecraft:crafting_table":70,"minecraft:red_bed":7,"minecraft:white_bed":26,"minecraft:spruce_log":591,"minecraft:oak_log":1,"minecraft:ender_eye":11,"minecraft:diamond_pickaxe":6156,"minecraft:diamond_shovel":459,"minecraft:iron_pickaxe":4299,"minecraft:spruce_trapdoor":66,"minecraft:spruce_sapling":232,"minecraft:cobblestone":2421,"minecraft:potion":4,"minecraft:purple_bed":3,"minecraft:cooked_porkchop":61,"minecraft:dandelion":3,"minecraft:diamond_leggings":4,"minecraft:iron_shovel":331,"minecraft:shield":693,"minecraft:iron_sword":211,"minecraft:bell":14,"minecraft:jungle_planks":2,"minecraft:carrot":27,"minecraft:tuff":2,"minecraft:music_disc_13":1,"minecraft:glass":83,"minecraft:lantern":21,"minecraft:iron_helmet":1,"minecraft:stone_bricks":1,"minecraft:magma_block":9,"minecraft:scaffolding":4,"minecraft:dark_oak_sapling":28,"minecraft:end_rod":1,"minecraft:stone_pickaxe":2484,"minecraft:oak_planks":1,"minecraft:ender_pearl":7,"minecraft:sugar_cane":1,"minecraft:diamond_axe":1467,"minecraft:blue_bed":3,"minecraft:loom":2,"minecraft:crossbow":122,"minecraft:end_stone":139,"minecraft:shears":1,"minecraft:sticky_piston":2,"minecraft:lever":2,"minecraft:dark_oak_log":87,"minecraft:melon_slice":215,"minecraft:bread":12,"minecraft:string":7,"minecraft:gravel":305,"minecraft:grindstone":4,"minecraft:andesite":17,"minecraft:bone_meal":79,"minecraft:music_disc_otherside":2,"minecraft:flint_and_steel":19,"minecraft:stone_shovel":968,"minecraft:spruce_planks":4300,"minecraft:stone_hoe":18,"minecraft:cooked_chicken":17,"minecraft:oak_door":2,"minecraft:dirt":1117,"minecraft:spruce_stairs":347,"minecraft:diamond_helmet":2,"minecraft:shulker_box":40,"minecraft:granite":2,"minecraft:spruce_fence":87,"minecraft:iron_hoe":249,"minecraft:dark_oak_planks":5,"minecraft:wooden_axe":105,"minecraft:bookshelf":27,"minecraft:oak_stairs":4,"minecraft:golden_carrot":24,"minecraft:cooked_beef":237,"minecraft:cooked_mutton":53,"minecraft:cobblestone_stairs":1,"minecraft:snow_block":225,"minecraft:spruce_sign":3,"minecraft:cobblestone_slab":5,"minecraft:music_disc_cat":1,"minecraft:smoker":3,"minecraft:flower_pot":1,"minecraft:apple":2,"minecraft:map":3,"minecraft:stone_axe":400,"minecraft:fishing_rod":3,"minecraft:cobbled_deepslate_slab":6,"minecraft:bucket":1039,"minecraft:yellow_bed":10,"minecraft:gray_wool":3,"minecraft:splash_potion":6,"minecraft:soul_torch":2},"minecraft:picked_up":{"minecraft:wooden_axe":2,"minecraft:iron_chestplate":2,"minecraft:flower_pot":1,"minecraft:anvil":8,"minecraft:prismarine_shard":9,"minecraft:smithing_table":1,"minecraft:lead":12,"minecraft:diamond_sword":52,"minecraft:oak_stairs":4,"minecraft:enchanted_book":35,"minecraft:brewing_stand":2,"minecraft:golden_sword":1,"minecraft:music_disc_cat":9,"minecraft:string":45504,"minecraft:soul_soil":6,"minecraft:cooked_salmon":313,"minecraft:shroomlight":4,"minecraft:diamond_leggings":39,"minecraft:gold_nugget":272,"minecraft:cobbled_deepslate":1638,"minecraft:spruce_planks":1481,"minecraft:trial_key":19,"minecraft:melon_slice":522,"minecraft:golden_helmet":1,"minecraft:composter":2,"minecraft:waxed_weathered_copper_bulb":2,"minecraft:waxed_copper_grate":2,"minecraft:orange_bed":5,"minecraft:honey_bottle":2,"minecraft:armadillo_scute":14,"minecraft:end_rod":19,"minecraft:blaze_rod":31,"minecraft:iron_bars":26,"minecraft:snowball":1326,"minecraft:magma_block":60,"minecraft:feather":16,"minecraft:cooked_beef":1289,"minecraft:water_bucket":31,"minecraft:jungle_log":57,"minecraft:flint":72,"minecraft:map":4,"minecraft:lantern":37,"minecraft:twisting_vines":1,"minecraft:diamond_helmet":29,"minecraft:glowstone_dust":78,"minecraft:warped_wart_block":4,"minecraft:stripped_spruce_log":43,"minecraft:loom":3,"minecraft:dark_oak_log":405,"minecraft:barrel":10,"minecraft:iron_hoe":1,"minecraft:white_candle":12,"minecraft:lever":2,"minecraft:granite":323,"minecraft:chainmail_helmet":2,"minecraft:golden_horse_armor":2,"minecraft:bread":27,"minecraft:music_disc_precipice":2,"minecraft:dark_oak_fence":19,"minecraft:diamond_pickaxe":25,"minecraft:crimson_roots":1,"minecraft:crafting_table":72,"minecraft:ominous_bottle":3,"minecraft:nether_wart":50,"minecraft:purpur_block":4,"minecraft:cornflower":3,"minecraft:red_bed":7,"minecraft:flint_and_steel":2,"minecraft:compass":7,"minecraft:white_carpet":3,"minecraft:iron_shovel":6,"minecraft:cracked_stone_bricks":1,"minecraft:cartography_table":2,"minecraft:netherite_sword":2,"minecraft:music_disc_otherside":3,"minecraft:beef":195,"minecraft:poppy":9,"minecraft:iron_nugget":28,"minecraft:spruce_slab":19,"minecraft:guster_pottery_sherd":2,"minecraft:chest":74,"minecraft:birch_sapling":2,"minecraft:waxed_oxidized_copper":3,"minecraft:diamond_hoe":7,"minecraft:egg":49,"minecraft:oak_door":2,"minecraft:spruce_fence":292,"minecraft:fire_charge":3,"minecraft:flow_pottery_sherd":1,"minecraft:carrot":94,"minecraft:redstone":203,"minecraft:music_disc_creator_music_box":2,"minecraft:prismarine_crystals":3,"minecraft:tnt":3,"minecraft:stone_shovel":7,"minecraft:diamond_chestplate":26,"minecraft:decorated_pot":1,"minecraft:hay_block":13,"minecraft:diamond_boots":35,"minecraft:purpur_slab":2,"minecraft:gold_ingot":12,"minecraft:totem_of_undying":1,"minecraft:mutton":439,"minecraft:white_wool":88,"minecraft:rail":1,"minecraft:oxeye_daisy":2,"minecraft:tripwire_hook":2,"minecraft:filled_map":1,"minecraft:oak_log":142,"minecraft:golden_boots":2,"minecraft:blue_bed":3,"minecraft:paper":20,"minecraft:white_banner":15,"minecraft:apple":1,"minecraft:stone_bricks":14,"minecraft:kelp":11,"minecraft:wild_armor_trim_smithing_template":10,"minecraft:stone_pickaxe":8,"minecraft:glass_bottle":11,"minecraft:smooth_basalt":4,"minecraft:sweet_berries":158,"minecraft:waxed_exposed_copper_bulb":2,"minecraft:gravel":583,"minecraft:spruce_sapling":437,"minecraft:spruce_log":3079,"minecraft:crying_obsidian":12,"minecraft:polished_tuff":1,"minecraft:dragon_egg":1,"minecraft:diamond_shovel":4,"minecraft:purple_bed":1,"minecraft:slime_ball":54,"minecraft:stone_axe":5,"minecraft:diamond_axe":25,"minecraft:gray_wool":8,"minecraft:warped_roots":4,"minecraft:baked_potato":37,"minecraft:melon_seeds":35,"minecraft:warped_nylium":5,"minecraft:stripped_dark_oak_log":1,"minecraft:hopper":2,"minecraft:ender_pearl":59,"minecraft:shulker_shell":7,"minecraft:wheat":108,"minecraft:potion":23,"minecraft:gilded_blackstone":1,"minecraft:nether_brick":18,"minecraft:raw_copper":15,"minecraft:iron_leggings":4,"minecraft:red_candle":7,"minecraft:sticky_piston":9,"minecraft:oak_sign":1,"minecraft:smooth_stone":8,"minecraft:bucket":22,"minecraft:cobblestone_slab":11,"minecraft:ender_eye":41,"minecraft:calcite":163,"minecraft:iron_pickaxe":16,"minecraft:iron_boots":3,"minecraft:furnace":18,"minecraft:tipped_arrow":41,"minecraft:stick":1529,"minecraft:oak_fence":4,"minecraft:torch":1330,"minecraft:spruce_stairs":99,"minecraft:snow_block":25,"minecraft:porkchop":85,"minecraft:diorite":6,"minecraft:cactus":1,"minecraft:rotten_flesh":1103,"minecraft:obsidian":15,"minecraft:cod":4,"minecraft:blaze_powder":39,"minecraft:cobblestone":15074,"minecraft:enchanting_table":1,"minecraft:cherry_planks":120,"minecraft:magma_cream":2,"minecraft:andesite":63,"minecraft:potato":227,"minecraft:tuff":82,"minecraft:lapis_lazuli":823,"minecraft:dirt":2723,"minecraft:name_tag":6,"minecraft:glass":379,"minecraft:bone":697,"minecraft:acacia_planks":3,"minecraft:bow":58,"minecraft:wheat_seeds":344,"minecraft:raw_gold":63,"minecraft:cobbled_deepslate_slab":6,"minecraft:bell":16,"minecraft:grindstone":4,"minecraft:bolt_armor_trim_smithing_template":2,"minecraft:mossy_stone_bricks":2,"minecraft:bamboo":470,"minecraft:scrape_pottery_sherd":1,"minecraft:oak_planks":95,"minecraft:stone_hoe":5,"minecraft:cooked_porkchop":343,"minecraft:music_disc_13":5,"minecraft:poisonous_potato":4,"minecraft:sand":284,"minecraft:jungle_planks":57,"minecraft:nether_brick_stairs":1,"minecraft:dead_bush":1,"minecraft:grass_block":7,"minecraft:spectral_arrow":15,"minecraft:shulker_box":46,"minecraft:mossy_cobblestone":3,"minecraft:spruce_fence_gate":1,"minecraft:sugar":3,"minecraft:diamond":210,"minecraft:spruce_boat":9,"minecraft:crossbow":11,"minecraft:bone_meal":18,"minecraft:golden_apple":109,"minecraft:spruce_sign":3,"minecraft:emerald":613,"minecraft:oak_sapling":9,"minecraft:netherrack":209,"minecraft:fishing_rod":14,"minecraft:charcoal":18,"minecraft:azure_bluet":15,"minecraft:splash_potion":2,"minecraft:chicken":162,"minecraft:ladder":9,"minecraft:chest_minecart":5,"minecraft:brown_mushroom":28,"minecraft:wooden_pickaxe":1,"minecraft:gold_block":3,"minecraft:diamond_horse_armor":1,"minecraft:brick":25,"minecraft:shield":51,"minecraft:oak_trapdoor":9,"minecraft:moss_carpet":3,"minecraft:iron_axe":22,"minecraft:wooden_sword":2,"minecraft:blackstone":24,"minecraft:detector_rail":8,"minecraft:echo_shard":2,"minecraft:light_gray_wool":1,"minecraft:lectern":5,"minecraft:sugar_cane":209,"minecraft:spruce_trapdoor":15,"minecraft:phantom_membrane":10,"minecraft:dark_oak_sapling":28,"minecraft:raw_iron":649,"minecraft:end_stone":244,"minecraft:dark_oak_planks":21,"minecraft:arrow":532,"minecraft:golden_hoe":1,"minecraft:nether_bricks":6,"minecraft:saddle":14,"minecraft:glistering_melon_slice":8,"minecraft:wet_sponge":1,"minecraft:basalt":104,"minecraft:golden_carrot":2,"minecraft:glow_ink_sac":25,"minecraft:magenta_banner":2,"minecraft:salmon":144,"minecraft:leather":152,"minecraft:yellow_bed":17,"minecraft:cobbled_deepslate_stairs":3,"minecraft:gunpowder":71,"minecraft:cobblestone_stairs":4,"minecraft:cooked_mutton":24,"minecraft:red_carpet":1,"minecraft:gray_carpet":2,"minecraft:iron_ingot":1057,"minecraft:cooked_chicken":33,"minecraft:soul_sand":11,"minecraft:book":206,"minecraft:sculk_catalyst":5,"minecraft:scaffolding":22,"minecraft:pumpkin":15,"minecraft:quartz":3,"minecraft:dandelion":11,"minecraft:lava_bucket":20,"minecraft:amethyst_shard":10,"minecraft:soul_torch":16,"minecraft:blast_furnace":3,"minecraft:white_bed":49,"minecraft:spider_eye":41,"minecraft:campfire":26,"minecraft:iron_helmet":7,"minecraft:black_wool":6,"minecraft:chiseled_tuff_bricks":1,"minecraft:coal":2448},"minecraft:mined":{"minecraft:dark_oak_planks":4,"minecraft:white_bed":41,"minecraft:potted_dead_bush":1,"minecraft:granite":124,"minecraft:jungle_log":47,"minecraft:purpur_slab":1,"minecraft:hopper":2,"minecraft:oxeye_daisy":1,"minecraft:tall_seagrass":1,"minecraft:magma_block":25,"minecraft:cobbled_deepslate":91,"minecraft:fire":32,"minecraft:sticky_piston":1,"minecraft:barrel":10,"minecraft:pumpkin":15,"minecraft:deepslate_lapis_ore":16,"minecraft:enchanting_table":1,"minecraft:twisting_vines":1,"minecraft:sculk_shrieker":1,"minecraft:water_cauldron":2,"minecraft:dirt_path":18,"minecraft:white_banner":1,"minecraft:tripwire":5,"minecraft:orange_bed":2,"minecraft:piston_head":1,"minecraft:soul_wall_torch":1,"minecraft:brown_mushroom":15,"minecraft:red_bed":4,"minecraft:kelp_plant":6,"minecraft:crimson_nylium":3,"minecraft:powder_snow":791,"minecraft:torch":85,"minecraft:blast_furnace":2,"minecraft:melon":34,"minecraft:glass":20,"minecraft:sugar_cane":57,"minecraft:amethyst_block":1,"minecraft:waxed_copper_bulb":1,"minecraft:wheat":10,"minecraft:waxed_copper_block":2,"minecraft:dark_oak_sapling":1,"minecraft:loom":1,"minecraft:smooth_basalt":2,"minecraft:red_mushroom_block":1,"minecraft:deepslate":203,"minecraft:mossy_cobblestone":3,"minecraft:dark_oak_log":405,"minecraft:end_stone":49,"minecraft:shulker_box":40,"minecraft:cobbled_deepslate_slab":3,"minecraft:dark_oak_fence":3,"minecraft:spruce_fence":112,"minecraft:jungle_planks":8,"minecraft:redstone_wire":1,"minecraft:kelp":4,"minecraft:cartography_table":1,"minecraft:waxed_copper_grate":1,"minecraft:snow":435,"minecraft:andesite":52,"minecraft:potatoes":53,"minecraft:cobblestone_slab":9,"minecraft:vine":8,"minecraft:bamboo_sapling":19,"minecraft:bamboo":22,"minecraft:waxed_weathered_copper_bulb":1,"minecraft:ender_chest":1,"minecraft:smithing_table":1,"minecraft:dandelion":2,"minecraft:cornflower":1,"minecraft:short_grass":322,"minecraft:emerald_ore":9,"minecraft:campfire":8,"minecraft:copper_ore":1,"minecraft:tall_grass":33,"minecraft:deepslate_gold_ore":14,"minecraft:warped_wart_block":3,"minecraft:purple_bed":1,"minecraft:white_carpet":3,"minecraft:spruce_log":1893,"minecraft:birch_leaves":9,"minecraft:gravel":373,"minecraft:cobweb":35,"minecraft:acacia_planks":1,"minecraft:oak_button":1,"minecraft:spruce_fence_gate":1,"minecraft:stone_bricks":2,"minecraft:fern":19,"minecraft:spruce_planks":667,"minecraft:cobblestone_stairs":1,"minecraft:sculk_vein":26,"minecraft:potted_cactus":1,"minecraft:brewing_stand":1,"minecraft:spruce_trapdoor":16,"minecraft:grass_block":344,"minecraft:soul_soil":5,"minecraft:composter":3,"minecraft:frosted_ice":19,"minecraft:tuff_bricks":4,"minecraft:gilded_blackstone":1,"minecraft:glowstone":23,"minecraft:sculk_catalyst":1,"minecraft:iron_ore":221,"minecraft:polished_tuff":3,"minecraft:anvil":6,"minecraft:azure_bluet":3,"minecraft:iron_bars":8,"minecraft:end_stone_bricks":4,"minecraft:spruce_slab":6,"minecraft:deepslate_redstone_ore":19,"minecraft:magenta_wall_banner":5,"minecraft:calcite":92,"minecraft:poppy":2,"minecraft:chest":70,"minecraft:nether_quartz_ore":5,"minecraft:cobblestone":1167,"minecraft:grindstone":2,"minecraft:oak_planks":38,"minecraft:wall_torch":64,"minecraft:red_candle":2,"minecraft:purpur_block":6,"minecraft:oak_log":91,"minecraft:waxed_oxidized_copper":1,"minecraft:sand":304,"minecraft:dirt":1621,"minecraft:tripwire_hook":1,"minecraft:netherrack":87,"minecraft:oak_leaves":68,"minecraft:nether_gold_ore":51,"minecraft:red_carpet":1,"minecraft:tuff":15,"minecraft:dark_oak_leaves":19,"minecraft:deepslate_diamond_ore":2,"minecraft:glow_lichen":1,"minecraft:decorated_pot":26,"minecraft:spruce_leaves":638,"minecraft:large_fern":1,"minecraft:oak_trapdoor":9,"minecraft:spruce_sapling":3,"minecraft:furnace":12,"minecraft:carrots":26,"minecraft:stripped_spruce_log":41,"minecraft:gold_block":2,"minecraft:bell":15,"minecraft:bookshelf":21,"minecraft:deepslate_iron_ore":77,"minecraft:shroomlight":5,"minecraft:lantern":24,"minecraft:stone":9351,"minecraft:waxed_exposed_copper_bulb":1,"minecraft:acacia_leaves":6,"minecraft:scaffolding":4,"minecraft:magenta_stained_glass":1,"minecraft:snow_block":56,"minecraft:stripped_dark_oak_log":1,"minecraft:basalt":37,"minecraft:crafting_table":52,"minecraft:sculk_sensor":4,"minecraft:lectern":2,"minecraft:lapis_ore":15,"minecraft:sculk":246,"minecraft:blue_bed":10,"minecraft:spruce_stairs":65,"minecraft:sweet_berry_bush":63,"minecraft:ice":5,"minecraft:yellow_bed":14,"minecraft:coal_ore":411,"minecraft:end_rod":20,"minecraft:cracked_stone_bricks":1,"minecraft:mossy_stone_bricks":3},"minecraft:killed":{"minecraft:cave_spider":9,"minecraft:shulker":18,"minecraft:skeleton":142,"minecraft:guardian":12,"minecraft:chicken":50,"minecraft:magma_cube":37,"minecraft:salmon":144,"minecraft:iron_golem":9,"minecraft:pillager":17,"minecraft:zombie":375,"minecraft:cow":82,"minecraft:vindicator":5,"minecraft:warden":1,"minecraft:husk":6,"minecraft:wandering_trader":1,"minecraft:ravager":1,"minecraft:polar_bear":1,"minecraft:enderman":61,"minecraft:witch":2,"minecraft:zombified_piglin":1,"minecraft:spider":57,"minecraft:piglin_brute":1,"minecraft:wolf":6,"minecraft:piglin":12,"minecraft:pig":47,"minecraft:zombie_villager":2,"minecraft:creeper":52,"minecraft:sheep":72,"minecraft:trader_llama":2,"minecraft:stray":10,"minecraft:blaze":44,"minecraft:armadillo":1,"minecraft:vex":4,"minecraft:slime":51,"minecraft:phantom":15,"minecraft:drowned":5,"minecraft:hoglin":2,"minecraft:wither_skeleton":6},"minecraft:crafted":{"minecraft:smooth_stone":3,"minecraft:chainmail_helmet":9,"minecraft:purple_bed":2,"minecraft:lever":1,"minecraft:bookshelf":27,"minecraft:cooked_mutton":31,"minecraft:shulker_box":3,"minecraft:glass":342,"minecraft:diamond_helmet":4,"minecraft:diamond_leggings":7,"minecraft:emerald":932,"minecraft:cooked_porkchop":66,"minecraft:diamond_axe":2,"minecraft:spruce_door":15,"minecraft:clock":7,"minecraft:fletching_table":1,"minecraft:campfire":24,"minecraft:cartography_table":2,"minecraft:tropical_fish_bucket":1,"minecraft:stone_slab":6,"minecraft:compass":1,"minecraft:iron_pickaxe":18,"minecraft:gold_ingot":79,"minecraft:composter":1,"minecraft:golden_carrot":72,"minecraft:stone_shovel":12,"minecraft:bone_meal":72,"minecraft:spruce_fence":33,"minecraft:spruce_stairs":304,"minecraft:spruce_slab":36,"minecraft:stone_pickaxe":19,"minecraft:diamond_boots":9,"minecraft:dark_oak_planks":1276,"minecraft:chainmail_leggings":3,"minecraft:crossbow":14,"minecraft:chainmail_boots":12,"minecraft:fermented_spider_eye":2,"minecraft:wooden_axe":2,"minecraft:iron_shovel":2,"minecraft:iron_leggings":1,"minecraft:white_bed":1,"minecraft:grindstone":1,"minecraft:oak_planks":88,"minecraft:barrel":2,"minecraft:cooked_chicken":47,"minecraft:stone":7,"minecraft:snow":12,"minecraft:suspicious_stew":7,"minecraft:bow":27,"minecraft:iron_boots":1,"minecraft:chest":197,"minecraft:stone_hoe":1,"minecraft:ender_eye":18,"minecraft:golden_boots":1,"minecraft:smoker":3,"minecraft:arrow":24,"minecraft:map":10,"minecraft:crafting_table":22,"minecraft:spruce_planks":5084,"minecraft:wooden_pickaxe":1,"minecraft:iron_helmet":12,"minecraft:chainmail_chestplate":12,"minecraft:spruce_trapdoor":52,"minecraft:book":31,"minecraft:iron_chestplate":23,"minecraft:paper":103,"minecraft:purple_dye":2,"minecraft:shield":13,"minecraft:stick":365,"minecraft:iron_ingot":262,"minecraft:snow_block":248,"minecraft:shears":1,"minecraft:cookie":144,"minecraft:wooden_sword":1,"minecraft:fishing_rod":2,"minecraft:tripwire_hook":4,"minecraft:blast_furnace":2,"minecraft:stone_button":1,"minecraft:furnace":6,"minecraft:glass_pane":128,"minecraft:oak_trapdoor":16,"minecraft:iron_axe":24,"minecraft:iron_hoe":1,"minecraft:filled_map":1,"minecraft:glistering_melon_slice":57,"minecraft:cooked_beef":153,"minecraft:sugar":4,"minecraft:red_dye":1,"minecraft:diamond_sword":2,"minecraft:iron_sword":12,"minecraft:bell":6,"minecraft:cooked_salmon":161,"minecraft:bucket":6,"minecraft:stone_axe":6,"minecraft:bread":3,"minecraft:air":0,"minecraft:jungle_planks":48,"minecraft:blue_dye":1,"minecraft:white_wool":1,"minecraft:torch":184,"minecraft:diamond_chestplate":4},"minecraft:dropped":{"minecraft:porkchop":3,"minecraft:cooked_beef":163,"minecraft:glass_bottle":3,"minecraft:diamond":145,"minecraft:cooked_porkchop":41,"minecraft:crossbow":4,"minecraft:cracked_stone_bricks":1,"minecraft:saddle":2,"minecraft:elytra":1,"minecraft:emerald":15,"minecraft:dirt":504,"minecraft:stone_button":1,"minecraft:gold_nugget":1,"minecraft:phantom_membrane":4,"minecraft:sand":22,"minecraft:iron_pickaxe":8,"minecraft:fishing_rod":5,"minecraft:white_wool":26,"minecraft:bone":56,"minecraft:stone_axe":2,"minecraft:compass":1,"minecraft:sugar_cane":1,"minecraft:iron_nugget":1,"minecraft:cooked_chicken":4,"minecraft:cobbled_deepslate":51,"minecraft:nether_brick":6,"minecraft:birch_sapling":1,"minecraft:netherite_sword":1,"minecraft:wheat":95,"minecraft:rotten_flesh":191,"minecraft:grindstone":1,"minecraft:oak_planks":32,"minecraft:end_stone":2,"minecraft:blaze_powder":24,"minecraft:azure_bluet":12,"minecraft:white_bed":12,"minecraft:echo_shard":2,"minecraft:tipped_arrow":12,"minecraft:red_candle":7,"minecraft:jungle_log":12,"minecraft:ladder":2,"minecraft:spruce_slab":21,"minecraft:campfire":49,"minecraft:beef":1,"minecraft:warped_wart_block":3,"minecraft:crying_obsidian":6,"minecraft:egg":15,"minecraft:enchanted_book":20,"minecraft:iron_ingot":45,"minecraft:wheat_seeds":185,"minecraft:cobbled_deepslate_stairs":3,"minecraft:iron_helmet":5,"minecraft:oak_fence":2,"minecraft:purpur_slab":1,"minecraft:feather":2,"minecraft:cobblestone":3121,"minecraft:book":100,"minecraft:apple":5,"minecraft:chainmail_helmet":10,"minecraft:coal":116,"minecraft:golden_apple":87,"minecraft:oxeye_daisy":2,"minecraft:diamond_horse_armor":1,"minecraft:golden_carrot":1,"minecraft:waxed_weathered_copper_bulb":2,"minecraft:wooden_axe":1,"minecraft:cooked_salmon":43,"minecraft:diamond_helmet":9,"minecraft:potion":4,"minecraft:armadillo_scute":3,"minecraft:white_banner":1,"minecraft:iron_shovel":2,"minecraft:paper":6,"minecraft:string":4980,"minecraft:acacia_planks":3,"minecraft:spruce_sapling":12,"minecraft:snow_block":8,"minecraft:furnace":1,"minecraft:moss_carpet":3,"minecraft:soul_soil":6,"minecraft:soul_torch":2,"minecraft:diamond_hoe":6,"minecraft:stone_shovel":5,"minecraft:chicken":1,"minecraft:white_carpet":3,"minecraft:iron_boots":2,"minecraft:name_tag":2,"minecraft:spruce_fence":24,"minecraft:suspicious_stew":1,"minecraft:blast_furnace":1,"minecraft:diamond_sword":16,"minecraft:potato":1,"minecraft:cobblestone_slab":2,"minecraft:hay_block":11,"minecraft:spruce_boat":4,"minecraft:spruce_planks":144,"minecraft:diamond_pickaxe":7,"minecraft:yellow_bed":7,"minecraft:spider_eye":7,"minecraft:stone_bricks":2,"minecraft:bamboo":1,"minecraft:bow":16,"minecraft:waxed_exposed_copper_bulb":2,"minecraft:bell":1,"minecraft:magma_block":17,"minecraft:black_wool":6,"minecraft:soul_sand":11,"minecraft:brown_mushroom":1,"minecraft:diamond_axe":3,"minecraft:oak_log":84,"minecraft:baked_potato":13,"minecraft:ender_pearl":54,"minecraft:leather":5,"minecraft:jungle_planks":6,"minecraft:music_disc_13":1,"minecraft:mutton":3,"minecraft:music_disc_precipice":1,"minecraft:snowball":215,"minecraft:gilded_blackstone":1,"minecraft:amethyst_shard":10,"minecraft:gold_ingot":4,"minecraft:gravel":70,"minecraft:purpur_block":2,"minecraft:blackstone":8,"minecraft:white_candle":3,"minecraft:honey_bottle":2,"minecraft:poppy":3,"minecraft:gunpowder":12,"minecraft:melon_seeds":9,"minecraft:iron_bars":8,"minecraft:arrow":4,"minecraft:quartz":3,"minecraft:netherrack":38,"minecraft:water_bucket":4,"minecraft:bread":1,"minecraft:stripped_spruce_log":8,"minecraft:golden_helmet":1,"minecraft:mossy_cobblestone":3,"minecraft:diamond_leggings":12,"minecraft:polished_tuff":1,"minecraft:spruce_stairs":14,"minecraft:grass_block":2,"minecraft:stick":41,"minecraft:diorite":1,"minecraft:torch":26,"minecraft:melon_slice":152,"minecraft:waxed_oxidized_copper":3,"minecraft:iron_leggings":3,"minecraft:iron_axe":8,"minecraft:tripwire_hook":1,"minecraft:bucket":8,"minecraft:music_disc_cat":4,"minecraft:dandelion":7,"minecraft:smooth_basalt":2,"minecraft:redstone":1,"minecraft:anvil":1,"minecraft:sweet_berries":2,"minecraft:dragon_head":1,"minecraft:nether_wart":51,"minecraft:blaze_rod":19,"minecraft:tuff":6,"minecraft:raw_iron":20,"minecraft:iron_hoe":1,"minecraft:ender_eye":13,"minecraft:totem_of_undying":1,"minecraft:shield":11,"minecraft:diamond_chestplate":7,"minecraft:iron_chestplate":20,"minecraft:andesite":43,"minecraft:oak_sapling":3,"minecraft:diamond_boots":10,"minecraft:spruce_log":352,"minecraft:stone_pickaxe":3,"minecraft:wooden_pickaxe":1,"minecraft:calcite":30},"minecraft:custom":{"minecraft:interact_with_crafting_table":270,"minecraft:open_barrel":31,"minecraft:bell_ring":339,"minecraft:leave_game":69,"minecraft:time_since_death":3812,"minecraft:damage_blocked_by_shield":19939,"minecraft:play_time":3342560,"minecraft:deaths":36,"minecraft:jump":49972,"minecraft:enchant_item":21,"minecraft:interact_with_furnace":133,"minecraft:play_record":9,"minecraft:traded_with_villager":1209,"minecraft:interact_with_cartography_table":2,"minecraft:sleep_in_bed":26,"minecraft:damage_dealt":206052,"minecraft:interact_with_smoker":62,"minecraft:inspect_dispenser":8,"minecraft:horse_one_cm":1778658,"minecraft:interact_with_smithing_table":5,"minecraft:interact_with_anvil":44,"minecraft:sneak_time":225413,"minecraft:interact_with_blast_furnace":37,"minecraft:total_world_time":3342560,"minecraft:time_since_rest":3912,"minecraft:swim_one_cm":781979,"minecraft:fly_one_cm":11879183,"minecraft:open_chest":1185,"minecraft:fish_caught":1,"minecraft:fall_one_cm":1160883,"minecraft:animals_bred":27,"minecraft:open_shulker_box":60,"minecraft:sprint_one_cm":8542946,"minecraft:drop":1014,"minecraft:talked_to_villager":485,"minecraft:interact_with_brewingstand":20,"minecraft:walk_on_water_one_cm":476817,"minecraft:interact_with_loom":6,"minecraft:open_enderchest":1,"minecraft:player_kills":6,"minecraft:crouch_one_cm":675631,"minecraft:mob_kills":1471,"minecraft:climb_one_cm":50291,"minecraft:walk_one_cm":7548161,"minecraft:raid_win":2,"minecraft:walk_under_water_one_cm":880065,"minecraft:boat_one_cm":143408,"minecraft:raid_trigger":1,"minecraft:pot_flower":1,"minecraft:damage_taken":42163,"minecraft:damage_absorbed":160},"minecraft:killed_by":{"minecraft:zombie_villager":3,"minecraft:piglin_brute":2,"minecraft:vindicator":1,"minecraft:zombie":2,"minecraft:vex":1,"minecraft:stray":1,"minecraft:ender_dragon":2,"minecraft:warden":4,"minecraft:creeper":1,"minecraft:piglin":2,"minecraft:blaze":1,"minecraft:player":7,"minecraft:enderman":2,"minecraft:skeleton":1},"minecraft:broken":{"minecraft:diamond_helmet":2,"minecraft:diamond_pickaxe":2,"minecraft:wooden_sword":1,"minecraft:iron_sword":1,"minecraft:iron_hoe":1,"minecraft:wooden_pickaxe":1,"minecraft:shield":4,"minecraft:iron_axe":12,"minecraft:iron_pickaxe":15,"minecraft:stone_pickaxe":19,"minecraft:diamond_boots":2,"minecraft:stone_axe":5,"minecraft:wooden_axe":2,"minecraft:stone_shovel":6,"minecraft:diamond_chestplate":1,"minecraft:diamond_axe":1}},"DataVersion":3953}