{"stats":{"minecraft:used":{"minecraft:chest":21,"minecraft:soul_sand":15,"minecraft:snowball":25,"minecraft:stripped_spruce_log":7,"minecraft:spruce_boat":13,"minecraft:lava_bucket":5,"minecraft:grass_block":82,"minecraft:bow":208,"minecraft:sweet_berries":47,"minecraft:furnace":1,"minecraft:egg":13,"minecraft:potato":55,"minecraft:composter":2,"minecraft:golden_apple":2,"minecraft:sand":23,"minecraft:blast_furnace":1,"minecraft:lectern":1,"minecraft:diamond_sword":1299,"minecraft:enchanting_table":1,"minecraft:cooked_salmon":9,"minecraft:netherrack":66,"minecraft:torch":1,"minecraft:brewing_stand":2,"minecraft:anvil":3,"minecraft:wheat":70,"minecraft:golden_shovel":11,"minecraft:oak_fence_gate":5,"minecraft:red_shulker_box":1,"minecraft:iron_axe":165,"minecraft:bamboo_hanging_sign":7,"minecraft:cherry_fence_gate":2,"minecraft:melon_seeds":24,"minecraft:smooth_basalt":3,"minecraft:diamond_chestplate":3,"minecraft:goat_horn":83,"minecraft:cobbled_deepslate":35,"minecraft:acacia_planks":3,"minecraft:cherry_fence":27,"minecraft:calcite":1,"minecraft:wheat_seeds":542,"minecraft:water_bucket":93,"minecraft:birch_planks":18,"minecraft:yellow_shulker_box":5,"minecraft:cherry_planks":12,"minecraft:cracked_stone_bricks":3,"minecraft:salmon":8,"minecraft:tnt":15,"minecraft:crafting_table":10,"minecraft:white_bed":1,"minecraft:campfire":25,"minecraft:diamond_pickaxe":2017,"minecraft:diamond_shovel":566,"minecraft:iron_pickaxe":156,"minecraft:cobblestone":407,"minecraft:potion":4,"minecraft:cooked_porkchop":67,"minecraft:kelp":1,"minecraft:diamond_leggings":4,"minecraft:candle":16,"minecraft:melon":10,"minecraft:diamond_hoe":181,"minecraft:shield":221,"minecraft:nether_wart":22,"minecraft:white_candle":24,"minecraft:iron_chestplate":1,"minecraft:carrot":65,"minecraft:music_disc_13":2,"minecraft:obsidian":4,"minecraft:glass":5,"minecraft:iron_helmet":2,"minecraft:hay_block":13,"minecraft:blue_shulker_box":18,"minecraft:beetroot_seeds":13,"minecraft:skeleton_skull":1,"minecraft:end_rod":5,"minecraft:diamond_boots":6,"minecraft:oak_planks":98,"minecraft:ender_pearl":1,"minecraft:sugar_cane":11,"minecraft:diamond_axe":686,"minecraft:golden_hoe":4,"minecraft:crossbow":45,"minecraft:shears":1,"minecraft:firework_rocket":1,"minecraft:melon_slice":98,"minecraft:bread":164,"minecraft:string":4,"minecraft:iron_door":3,"minecraft:gravel":33,"minecraft:experience_bottle":287,"minecraft:cherry_boat":2,"minecraft:oak_fence":43,"minecraft:music_disc_otherside":1,"minecraft:flint_and_steel":3,"minecraft:stone_shovel":209,"minecraft:spruce_planks":158,"minecraft:stone_hoe":79,"minecraft:cooked_chicken":20,"minecraft:oak_door":2,"minecraft:dirt":466,"minecraft:spruce_stairs":3,"minecraft:diamond_helmet":3,"minecraft:shulker_box":1,"minecraft:granite":11,"minecraft:spruce_fence":80,"minecraft:iron_hoe":250,"minecraft:iron_boots":2,"minecraft:soul_soil":6,"minecraft:wolf_spawn_egg":1,"minecraft:cooked_beef":10,"minecraft:pumpkin":1,"minecraft:iron_leggings":2,"minecraft:cooked_mutton":94,"minecraft:acacia_boat":4,"minecraft:glass_bottle":44,"minecraft:baked_potato":1,"minecraft:spruce_sign":6,"minecraft:music_disc_cat":2,"minecraft:wooden_hoe":59,"minecraft:apple":66,"minecraft:magenta_banner":5,"minecraft:fishing_rod":9,"minecraft:cobbled_deepslate_slab":6,"minecraft:white_banner":2,"minecraft:bucket":61,"minecraft:splash_potion":1,"minecraft:soul_torch":16},"minecraft:picked_up":{"minecraft:seagrass":58,"minecraft:iron_chestplate":2,"minecraft:flower_pot":3,"minecraft:anvil":1,"minecraft:lead":1,"minecraft:diamond_sword":23,"minecraft:enchanted_book":13,"minecraft:brewing_stand":2,"minecraft:golden_sword":1,"minecraft:music_disc_cat":8,"minecraft:string":7014,"minecraft:soul_soil":51,"minecraft:cooked_salmon":9,"minecraft:pufferfish":1,"minecraft:beetroot":4,"minecraft:cherry_boat":2,"minecraft:diamond_leggings":21,"minecraft:gold_nugget":373,"minecraft:cobbled_deepslate":187,"minecraft:spruce_planks":354,"minecraft:melon_slice":728,"minecraft:golden_helmet":2,"minecraft:composter":2,"minecraft:big_dripleaf":2,"minecraft:purpur_pillar":3,"minecraft:acacia_log":3,"minecraft:golden_axe":2,"minecraft:cherry_log":40,"minecraft:waxed_copper_grate":5,"minecraft:orange_bed":2,"minecraft:honey_bottle":2,"minecraft:armadillo_scute":14,"minecraft:carved_pumpkin":2,"minecraft:end_rod":11,"minecraft:blaze_rod":61,"minecraft:snowball":74,"minecraft:birch_log":5,"minecraft:magma_block":64,"minecraft:feather":2,"minecraft:cooked_beef":17,"minecraft:iron_door":10,"minecraft:water_bucket":7,"minecraft:jungle_log":12,"minecraft:brown_wool":3,"minecraft:cherry_fence":3,"minecraft:lantern":7,"minecraft:diamond_helmet":21,"minecraft:glowstone_dust":87,"minecraft:stripped_spruce_log":7,"minecraft:ink_sac":1,"minecraft:loom":1,"minecraft:dark_oak_log":1,"minecraft:white_candle":41,"minecraft:granite":19,"minecraft:bread":86,"minecraft:music_disc_precipice":3,"minecraft:diamond_pickaxe":24,"minecraft:crafting_table":13,"minecraft:nether_wart":220,"minecraft:clay_ball":35,"minecraft:purpur_block":8,"minecraft:cornflower":3,"minecraft:red_bed":3,"minecraft:flint_and_steel":1,"minecraft:compass":3,"minecraft:iron_shovel":3,"minecraft:cracked_stone_bricks":3,"minecraft:cartography_table":1,"minecraft:music_disc_otherside":2,"minecraft:beef":10,"minecraft:chiseled_tuff":1,"minecraft:poppy":14,"minecraft:spruce_slab":3,"minecraft:guster_pottery_sherd":2,"minecraft:chest":20,"minecraft:waxed_oxidized_copper":3,"minecraft:diamond_hoe":9,"minecraft:egg":28,"minecraft:sandstone":66,"minecraft:oak_door":2,"minecraft:spruce_fence":81,"minecraft:carrot":160,"minecraft:redstone":57,"minecraft:netherite_pickaxe":1,"minecraft:prismarine_crystals":10,"minecraft:stone_shovel":1,"minecraft:diamond_chestplate":22,"minecraft:beetroot_seeds":13,"minecraft:peony":1,"minecraft:diamond_boots":23,"minecraft:hay_block":35,"minecraft:purpur_slab":1,"minecraft:gold_ingot":24,"minecraft:totem_of_undying":14,"minecraft:tuff_bricks":46,"minecraft:glow_berries":1,"minecraft:mutton":2,"minecraft:white_wool":6,"minecraft:bone_block":4,"minecraft:rail":2,"minecraft:oxeye_daisy":1,"minecraft:yellow_shulker_box":6,"minecraft:filled_map":2,"minecraft:oak_log":94,"minecraft:blue_bed":1,"minecraft:paper":39,"minecraft:white_banner":5,"minecraft:apple":58,"minecraft:stone_bricks":15,"minecraft:kelp":122,"minecraft:spore_blossom":1,"minecraft:oak_fence_gate":1,"minecraft:glass_bottle":41,"minecraft:smooth_basalt":33,"minecraft:sweet_berries":47,"minecraft:gravel":46,"minecraft:spruce_sapling":18,"minecraft:spruce_log":167,"minecraft:polished_tuff":5,"minecraft:firework_rocket":32,"minecraft:diamond_shovel":2,"minecraft:diamond_axe":17,"minecraft:baked_potato":1,"minecraft:melon_seeds":43,"minecraft:ender_pearl":7,"minecraft:shulker_shell":9,"minecraft:wheat":477,"minecraft:sentry_armor_trim_smithing_template":4,"minecraft:potion":10,"minecraft:waxed_cut_copper_slab":1,"minecraft:raw_copper":55,"minecraft:iron_leggings":1,"minecraft:red_candle":7,"minecraft:bucket":5,"minecraft:eye_armor_trim_smithing_template":36,"minecraft:rose_bush":1,"minecraft:ender_eye":1,"minecraft:calcite":17,"minecraft:azalea":1,"minecraft:iron_pickaxe":1,"minecraft:iron_boots":1,"minecraft:furnace":1,"minecraft:tipped_arrow":113,"minecraft:stick":165,"minecraft:oak_fence":16,"minecraft:torch":104,"minecraft:spruce_stairs":5,"minecraft:porkchop":8,"minecraft:diorite":5,"minecraft:goat_horn":2,"minecraft:rotten_flesh":172,"minecraft:obsidian":32,"minecraft:blaze_powder":12,"minecraft:cobblestone":1889,"minecraft:enchanting_table":1,"minecraft:pink_petals":1,"minecraft:cherry_planks":34,"minecraft:magma_cream":4,"minecraft:andesite":21,"minecraft:potato":117,"minecraft:tuff":57,"minecraft:acacia_boat":7,"minecraft:lapis_lazuli":344,"minecraft:dirt":1121,"minecraft:name_tag":8,"minecraft:glass":2,"minecraft:bone":189,"minecraft:bow":22,"minecraft:wheat_seeds":1402,"minecraft:raw_gold":99,"minecraft:cobbled_deepslate_slab":6,"minecraft:bell":1,"minecraft:mossy_stone_bricks":7,"minecraft:bamboo":44,"minecraft:oak_planks":112,"minecraft:waxed_oxidized_copper_trapdoor":2,"minecraft:cooked_porkchop":240,"minecraft:music_disc_13":3,"minecraft:sand":437,"minecraft:shulker_box":4,"minecraft:sugar":7,"minecraft:diamond":212,"minecraft:spruce_boat":17,"minecraft:soul_lantern":1,"minecraft:crossbow":5,"minecraft:bone_meal":12,"minecraft:golden_apple":5,"minecraft:spruce_sign":8,"minecraft:emerald":91,"minecraft:oak_sapling":6,"minecraft:netherrack":609,"minecraft:cocoa_beans":3,"minecraft:charcoal":2,"minecraft:azure_bluet":5,"minecraft:ladder":1,"minecraft:chest_minecart":1,"minecraft:brown_mushroom":1,"minecraft:diamond_horse_armor":5,"minecraft:brick":1,"minecraft:shield":17,"minecraft:moss_carpet":1,"minecraft:iron_axe":1,"minecraft:blackstone":1,"minecraft:candle":22,"minecraft:echo_shard":6,"minecraft:spire_armor_trim_smithing_template":2,"minecraft:light_gray_wool":3,"minecraft:lectern":2,"minecraft:blue_shulker_box":20,"minecraft:sugar_cane":56,"minecraft:phantom_membrane":4,"minecraft:dark_oak_sapling":1,"minecraft:raw_iron":45,"minecraft:end_stone":8,"minecraft:bamboo_hanging_sign":6,"minecraft:arrow":1311,"minecraft:weeping_vines":2,"minecraft:red_shulker_box":1,"minecraft:saddle":6,"minecraft:glistering_melon_slice":18,"minecraft:skeleton_skull":10,"minecraft:basalt":15,"minecraft:golden_carrot":16,"minecraft:magenta_banner":11,"minecraft:salmon":1,"minecraft:leather":97,"minecraft:birch_planks":4,"minecraft:waxed_copper_bulb":1,"minecraft:gunpowder":8,"minecraft:wooden_hoe":2,"minecraft:cooked_mutton":211,"minecraft:rabbit_hide":4,"minecraft:heart_of_the_sea":1,"minecraft:iron_ingot":74,"minecraft:cooked_chicken":113,"minecraft:soul_sand":46,"minecraft:book":75,"minecraft:bamboo_planks":4,"minecraft:pumpkin":1,"minecraft:quartz":94,"minecraft:dandelion":17,"minecraft:amethyst_shard":18,"minecraft:soul_torch":14,"minecraft:white_bed":6,"minecraft:spider_eye":57,"minecraft:pumpkin_seeds":6,"minecraft:campfire":25,"minecraft:iron_helmet":1,"minecraft:terracotta":16,"minecraft:chiseled_tuff_bricks":1,"minecraft:coal":249},"minecraft:mined":{"minecraft:red_shulker_box":1,"minecraft:cherry_log":40,"minecraft:jungle_leaves":6,"minecraft:carved_pumpkin":1,"minecraft:obsidian":14,"minecraft:potted_dead_bush":1,"minecraft:granite":23,"minecraft:acacia_log":3,"minecraft:deepslate_bricks":1,"minecraft:purpur_slab":1,"minecraft:nether_wart":12,"minecraft:oxeye_daisy":1,"minecraft:weeping_vines_plant":1,"minecraft:tall_seagrass":21,"minecraft:magma_block":1,"minecraft:cobbled_deepslate":4,"minecraft:fire":3,"minecraft:pumpkin":1,"minecraft:deepslate_lapis_ore":6,"minecraft:cave_vines":3,"minecraft:dirt_path":2,"minecraft:tripwire":2,"minecraft:orange_bed":3,"minecraft:soul_wall_torch":3,"minecraft:brown_mushroom":1,"minecraft:red_bed":5,"minecraft:kelp_plant":17,"minecraft:crimson_nylium":3,"minecraft:powder_snow":14,"minecraft:melon":35,"minecraft:dead_bush":1,"minecraft:spruce_wall_sign":6,"minecraft:glass":3,"minecraft:white_candle":4,"minecraft:sugar_cane":26,"minecraft:waxed_copper_bulb":1,"minecraft:cherry_fence":3,"minecraft:waxed_oxidized_copper_trapdoor":3,"minecraft:wheat":537,"minecraft:waxed_copper_block":1,"minecraft:dark_oak_sapling":1,"minecraft:loom":1,"minecraft:blue_shulker_box":18,"minecraft:deepslate":69,"minecraft:dark_oak_log":2,"minecraft:sea_lantern":1,"minecraft:shulker_box":1,"minecraft:end_stone":3,"minecraft:spruce_fence":19,"minecraft:cartography_table":1,"minecraft:kelp":15,"minecraft:redstone_ore":8,"minecraft:andesite":22,"minecraft:potatoes":29,"minecraft:vine":1,"minecraft:rail":2,"minecraft:bamboo":4,"minecraft:bone_block":4,"minecraft:ender_chest":1,"minecraft:cherry_planks":2,"minecraft:soul_sand":5,"minecraft:dandelion":8,"minecraft:cornflower":2,"minecraft:short_grass":273,"minecraft:emerald_ore":3,"minecraft:campfire":1,"minecraft:purpur_pillar":2,"minecraft:tall_grass":42,"minecraft:copper_ore":9,"minecraft:deepslate_gold_ore":27,"minecraft:diorite":5,"minecraft:spruce_log":119,"minecraft:birch_leaves":18,"minecraft:gravel":29,"minecraft:stone_bricks":13,"minecraft:gold_ore":21,"minecraft:fern":4,"minecraft:waxed_cut_copper_slab":9,"minecraft:spruce_planks":41,"minecraft:attached_melon_stem":3,"minecraft:farmland":27,"minecraft:sculk_vein":19,"minecraft:brewing_stand":2,"minecraft:grass_block":239,"minecraft:soul_soil":16,"minecraft:composter":3,"minecraft:frosted_ice":17,"minecraft:tuff_bricks":26,"minecraft:bamboo_wall_hanging_sign":6,"minecraft:glowstone":16,"minecraft:sculk_catalyst":2,"minecraft:iron_ore":14,"minecraft:polished_tuff":1,"minecraft:azure_bluet":1,"minecraft:skeleton_wall_skull":1,"minecraft:flowering_azalea_leaves":1,"minecraft:azalea_leaves":1,"minecraft:spruce_slab":1,"minecraft:waxed_cut_copper":2,"minecraft:magenta_wall_banner":6,"minecraft:melon_stem":16,"minecraft:soul_lantern":1,"minecraft:clay":2,"minecraft:calcite":1,"minecraft:poppy":5,"minecraft:chest":16,"minecraft:nether_quartz_ore":8,"minecraft:cobblestone":34,"minecraft:oak_planks":13,"minecraft:iron_door":9,"minecraft:wall_torch":11,"minecraft:pink_petals":1,"minecraft:seagrass":36,"minecraft:red_candle":2,"minecraft:birch_log":6,"minecraft:purpur_block":4,"minecraft:oak_log":53,"minecraft:beetroots":7,"minecraft:sand":327,"minecraft:dirt":344,"minecraft:netherrack":75,"minecraft:oak_leaves":32,"minecraft:nether_gold_ore":32,"minecraft:tuff":7,"minecraft:deepslate_diamond_ore":46,"minecraft:candle":8,"minecraft:glow_lichen":1,"minecraft:spruce_leaves":123,"minecraft:sandstone":2,"minecraft:large_fern":1,"minecraft:hay_block":24,"minecraft:spore_blossom":1,"minecraft:furnace":1,"minecraft:carrots":58,"minecraft:stripped_spruce_log":7,"minecraft:peony":1,"minecraft:bell":1,"minecraft:bookshelf":9,"minecraft:lantern":11,"minecraft:stone":1415,"minecraft:yellow_shulker_box":5,"minecraft:magenta_stained_glass":1,"minecraft:infested_stone_bricks":4,"minecraft:snow_block":1,"minecraft:basalt":20,"minecraft:oak_fence":8,"minecraft:crafting_table":5,"minecraft:rose_bush":1,"minecraft:sculk_sensor":5,"minecraft:lectern":2,"minecraft:lapis_ore":4,"minecraft:sculk":333,"minecraft:blue_bed":1,"minecraft:spruce_stairs":3,"minecraft:birch_planks":4,"minecraft:sweet_berry_bush":21,"minecraft:white_wall_banner":1,"minecraft:bee_nest":2,"minecraft:coal_ore":22,"minecraft:cocoa":1,"minecraft:cherry_leaves":2,"minecraft:end_rod":6,"minecraft:cracked_stone_bricks":4,"minecraft:terracotta":16,"minecraft:mossy_stone_bricks":6},"minecraft:killed":{"minecraft:shulker":5,"minecraft:skeleton":31,"minecraft:chicken":2,"minecraft:iron_golem":1,"minecraft:pillager":8,"minecraft:zombie":58,"minecraft:cow":7,"minecraft:vindicator":3,"minecraft:husk":4,"minecraft:enderman":4,"minecraft:witch":2,"minecraft:spider":14,"minecraft:pig":20,"minecraft:zombie_villager":1,"minecraft:creeper":1,"minecraft:sheep":8,"minecraft:stray":1,"minecraft:blaze":10,"minecraft:armadillo":4,"minecraft:slime":11,"minecraft:phantom":1,"minecraft:drowned":3,"minecraft:hoglin":1,"minecraft:squid":1,"minecraft:wither_skeleton":4},"minecraft:crafted":{"minecraft:melon":10,"minecraft:diamond_shovel":1,"minecraft:cooked_mutton":72,"minecraft:shulker_box":2,"minecraft:glass":71,"minecraft:diamond_helmet":10,"minecraft:diamond_leggings":12,"minecraft:flower_pot":2,"minecraft:glass_bottle":72,"minecraft:wooden_shovel":2,"minecraft:emerald":67,"minecraft:cooked_porkchop":10,"minecraft:diamond_axe":3,"minecraft:campfire":1,"minecraft:wooden_hoe":2,"minecraft:compass":2,"minecraft:iron_pickaxe":2,"minecraft:gold_ingot":80,"minecraft:spruce_fence_gate":2,"minecraft:stone_shovel":3,"minecraft:spruce_fence":87,"minecraft:red_shulker_box":1,"minecraft:diamond_boots":10,"minecraft:spruce_boat":1,"minecraft:golden_helmet":2,"minecraft:wheat":99,"minecraft:crossbow":1,"minecraft:enchanting_table":1,"minecraft:oak_fence_gate":4,"minecraft:golden_apple":7,"minecraft:fermented_spider_eye":2,"minecraft:iron_leggings":2,"minecraft:oak_planks":368,"minecraft:cooked_chicken":3,"minecraft:cherry_boat":2,"minecraft:bow":1,"minecraft:iron_boots":2,"minecraft:chest":7,"minecraft:stone_hoe":1,"minecraft:oak_fence":42,"minecraft:cherry_fence":24,"minecraft:arrow":28,"minecraft:crafting_table":7,"minecraft:spruce_planks":596,"minecraft:iron_helmet":4,"minecraft:baked_potato":7,"minecraft:birch_planks":20,"minecraft:iron_chestplate":1,"minecraft:diamond_pickaxe":2,"minecraft:yellow_dye":3,"minecraft:shield":6,"minecraft:stick":230,"minecraft:iron_ingot":98,"minecraft:shears":1,"minecraft:cherry_planks":144,"minecraft:oak_door":3,"minecraft:furnace":1,"minecraft:yellow_shulker_box":1,"minecraft:iron_axe":1,"minecraft:iron_hoe":1,"minecraft:glistering_melon_slice":18,"minecraft:cherry_fence_gate":2,"minecraft:cooked_beef":12,"minecraft:sugar":8,"minecraft:red_dye":1,"minecraft:diamond_sword":1,"minecraft:spruce_sign":3,"minecraft:golden_shovel":1,"minecraft:bucket":2,"minecraft:bread":113,"minecraft:acacia_boat":1,"minecraft:jungle_planks":48,"minecraft:blue_dye":1,"minecraft:gold_nugget":180,"minecraft:acacia_planks":12,"minecraft:diamond_chestplate":9,"minecraft:firework_rocket":9},"minecraft:dropped":{"minecraft:lapis_lazuli":57,"minecraft:cooked_beef":16,"minecraft:glass_bottle":7,"minecraft:diamond":127,"minecraft:spore_blossom":1,"minecraft:crafting_table":5,"minecraft:cooked_porkchop":125,"minecraft:crossbow":2,"minecraft:glow_berries":1,"minecraft:saddle":3,"minecraft:elytra":1,"minecraft:rail":2,"minecraft:emerald":76,"minecraft:dirt":576,"minecraft:red_bed":3,"minecraft:gold_nugget":64,"minecraft:bone_block":4,"minecraft:phantom_membrane":2,"minecraft:sand":64,"minecraft:sugar":2,"minecraft:iron_pickaxe":3,"minecraft:white_wool":5,"minecraft:bone":41,"minecraft:waxed_cut_copper_slab":1,"minecraft:oak_door":3,"minecraft:magenta_banner":3,"minecraft:cherry_boat":1,"minecraft:compass":3,"minecraft:sugar_cane":3,"minecraft:cooked_chicken":8,"minecraft:cobbled_deepslate":127,"minecraft:netherite_sword":1,"minecraft:wheat":100,"minecraft:rotten_flesh":123,"minecraft:oak_planks":32,"minecraft:end_stone":8,"minecraft:golden_shovel":1,"minecraft:azure_bluet":5,"minecraft:white_bed":3,"minecraft:salmon":1,"minecraft:rabbit_foot":14,"minecraft:eye_armor_trim_smithing_template":8,"minecraft:echo_shard":2,"minecraft:tipped_arrow":4,"minecraft:red_candle":7,"minecraft:charcoal":2,"minecraft:ladder":1,"minecraft:spruce_slab":3,"minecraft:beef":1,"minecraft:glass":1,"minecraft:campfire":2,"minecraft:cartography_table":1,"minecraft:lectern":1,"minecraft:egg":11,"minecraft:enchanted_book":20,"minecraft:iron_ingot":58,"minecraft:netherite_pickaxe":1,"minecraft:wheat_seeds":434,"minecraft:oak_fence":5,"minecraft:purpur_slab":1,"minecraft:feather":2,"minecraft:iron_helmet":3,"minecraft:cobblestone":998,"minecraft:waxed_copper_grate":5,"minecraft:apple":7,"minecraft:granite":8,"minecraft:coal":179,"minecraft:golden_apple":8,"minecraft:end_rod":3,"minecraft:oxeye_daisy":1,"minecraft:lava_bucket":1,"minecraft:diamond_horse_armor":1,"minecraft:ink_sac":1,"minecraft:rose_bush":1,"minecraft:cherry_planks":76,"minecraft:diamond_helmet":7,"minecraft:potion":5,"minecraft:armadillo_scute":4,"minecraft:white_banner":3,"minecraft:iron_shovel":3,"minecraft:paper":15,"minecraft:string":3515,"minecraft:spruce_sapling":72,"minecraft:purpur_pillar":3,"minecraft:moss_carpet":1,"minecraft:soul_soil":30,"minecraft:cocoa_beans":3,"minecraft:sticky_piston":1,"minecraft:diamond_hoe":2,"minecraft:stone_shovel":2,"minecraft:experience_bottle":128,"minecraft:clay_ball":31,"minecraft:iron_boots":2,"minecraft:name_tag":6,"minecraft:spruce_fence":79,"minecraft:wolf_armor":1,"minecraft:diamond_sword":8,"minecraft:big_dripleaf":2,"minecraft:potato":22,"minecraft:hay_block":11,"minecraft:spruce_boat":1,"minecraft:flower_pot":3,"minecraft:peony":1,"minecraft:spruce_planks":218,"minecraft:diamond_pickaxe":10,"minecraft:wooden_shovel":2,"minecraft:carved_pumpkin":2,"minecraft:spider_eye":17,"minecraft:stone_bricks":2,"minecraft:bamboo":22,"minecraft:sandstone":6,"minecraft:bow":12,"minecraft:bell":1,"minecraft:terracotta":16,"minecraft:waxed_oxidized_copper_trapdoor":2,"minecraft:guster_pottery_sherd":2,"minecraft:spruce_sign":2,"minecraft:blue_shulker_box":1,"minecraft:soul_sand":11,"minecraft:brown_mushroom":1,"minecraft:diamond_axe":4,"minecraft:oak_log":2,"minecraft:baked_potato":7,"minecraft:loom":1,"minecraft:ender_pearl":2,"minecraft:dark_oak_sapling":1,"minecraft:leather":64,"minecraft:flint":6,"minecraft:music_disc_13":2,"minecraft:dark_oak_log":1,"minecraft:cornflower":1,"minecraft:mutton":2,"minecraft:snowball":25,"minecraft:amethyst_shard":10,"minecraft:gold_ingot":20,"minecraft:gravel":11,"minecraft:purpur_block":5,"minecraft:blackstone":1,"minecraft:chiseled_tuff_bricks":1,"minecraft:white_candle":6,"minecraft:diamond_shovel":1,"minecraft:cooked_mutton":218,"minecraft:shulker_shell":2,"minecraft:poppy":10,"minecraft:rabbit_hide":6,"minecraft:gunpowder":5,"minecraft:skeleton_skull":4,"minecraft:melon_seeds":19,"minecraft:azalea":1,"minecraft:chest":2,"minecraft:spire_armor_trim_smithing_template":1,"minecraft:basalt":2,"minecraft:arrow":242,"minecraft:quartz":6,"minecraft:netherrack":144,"minecraft:enchanting_table":1,"minecraft:firework_rocket":8,"minecraft:water_bucket":1,"minecraft:bread":19,"minecraft:cherry_log":1,"minecraft:golden_helmet":4,"minecraft:diamond_leggings":10,"minecraft:golden_axe":2,"minecraft:polished_tuff":5,"minecraft:spruce_stairs":2,"minecraft:grass_block":15,"minecraft:stick":171,"minecraft:spruce_fence_gate":2,"minecraft:blue_dye":1,"minecraft:diorite":5,"minecraft:torch":91,"minecraft:melon_slice":168,"minecraft:brown_wool":3,"minecraft:waxed_copper_bulb":1,"minecraft:yellow_shulker_box":1,"minecraft:iron_door":6,"minecraft:map":2,"minecraft:waxed_oxidized_copper":3,"minecraft:iron_leggings":3,"minecraft:iron_axe":2,"minecraft:orange_bed":2,"minecraft:pink_petals":1,"minecraft:bucket":5,"minecraft:music_disc_cat":8,"minecraft:smooth_basalt":30,"minecraft:dandelion":13,"minecraft:redstone":1,"minecraft:anvil":2,"minecraft:kelp":35,"minecraft:tuff_bricks":23,"minecraft:dragon_head":1,"minecraft:nether_wart":47,"minecraft:blaze_rod":14,"minecraft:raw_copper":34,"minecraft:tuff":19,"minecraft:composter":1,"minecraft:light_gray_wool":3,"minecraft:iron_hoe":2,"minecraft:ender_eye":8,"minecraft:totem_of_undying":12,"minecraft:shulker_box":4,"minecraft:filled_map":2,"minecraft:shield":9,"minecraft:diamond_chestplate":9,"minecraft:iron_chestplate":3,"minecraft:andesite":21,"minecraft:mossy_stone_bricks":1,"minecraft:oak_sapling":5,"minecraft:spruce_log":18,"minecraft:diamond_boots":8,"minecraft:raw_gold":3,"minecraft:calcite":16,"minecraft:brick":1},"minecraft:custom":{"minecraft:interact_with_crafting_table":133,"minecraft:open_barrel":7,"minecraft:leave_game":60,"minecraft:time_since_death":104842,"minecraft:damage_blocked_by_shield":9482,"minecraft:play_time":2436490,"minecraft:deaths":23,"minecraft:jump":17991,"minecraft:enchant_item":8,"minecraft:interact_with_furnace":61,"minecraft:play_record":9,"minecraft:traded_with_villager":73,"minecraft:interact_with_cartography_table":5,"minecraft:sleep_in_bed":16,"minecraft:damage_dealt":35562,"minecraft:interact_with_smoker":3,"minecraft:inspect_dispenser":6,"minecraft:horse_one_cm":1396996,"minecraft:interact_with_smithing_table":28,"minecraft:interact_with_anvil":37,"minecraft:inspect_hopper":3,"minecraft:sneak_time":52549,"minecraft:interact_with_blast_furnace":14,"minecraft:total_world_time":2436490,"minecraft:time_since_rest":104896,"minecraft:swim_one_cm":365305,"minecraft:fly_one_cm":4614300,"minecraft:open_chest":970,"minecraft:fall_one_cm":541379,"minecraft:animals_bred":2,"minecraft:open_shulker_box":103,"minecraft:sprint_one_cm":4546562,"minecraft:drop":1986,"minecraft:talked_to_villager":99,"minecraft:interact_with_brewingstand":84,"minecraft:walk_on_water_one_cm":277699,"minecraft:interact_with_loom":12,"minecraft:open_enderchest":1,"minecraft:player_kills":3,"minecraft:crouch_one_cm":116002,"minecraft:mob_kills":230,"minecraft:climb_one_cm":20210,"minecraft:walk_one_cm":5790847,"minecraft:raid_win":1,"minecraft:walk_under_water_one_cm":405411,"minecraft:boat_one_cm":492923,"minecraft:interact_with_grindstone":11,"minecraft:damage_taken":28200,"minecraft:damage_absorbed":44,"minecraft:aviate_one_cm":46556},"minecraft:killed_by":{"minecraft:zombie":2,"minecraft:wither_skeleton":1,"minecraft:player":10,"minecraft:skeleton":1},"minecraft:broken":{"minecraft:iron_hoe":1,"minecraft:wooden_hoe":1,"minecraft:stone_shovel":1}},"DataVersion":3953}